epoch,train_mse,val_mse,val_rmse,val_mae,val_r2,arm,seed,selected_state
1,0.43552741928100586,0.2800382971763611,0.5291864484058157,0.3025966286659241,0.5642034411430359,Q + Adam + gated reuse,11,"(64, 1, 0.4)"
2,0.15471304659843446,0.09983699768781662,0.3159699316197929,0.16442973911762238,0.8446333408355713,Q + Adam + gated reuse,11,"(64, 1, 0.4)"
3,0.08233242835998535,0.07480376958847046,0.2735027780269708,0.15039892494678497,0.8835901021957397,Q + Adam + gated reuse,11,"(64, 1, 0.4)"
4,0.06504817498326301,0.059971198439598083,0.24489017628234516,0.1326638013124466,0.9066725969314575,Q + Adam + gated reuse,11,"(64, 1, 0.4)"
5,0.056060153996944424,0.05525181442499161,0.23505704504437133,0.1259763538837433,0.9140169620513916,Q + Adam + gated reuse,11,"(64, 1, 0.4)"
6,0.05031382800340652,0.0483696348965168,0.21993097757368515,0.12009233236312866,0.9247270226478577,Q + Adam + gated reuse,11,"(64, 1, 0.4)"
7,0.04536056038141251,0.04663758724927902,0.2159573736858249,0.1233750507235527,0.9274224042892456,Q + Adam + gated reuse,11,"(64, 1, 0.4)"
8,0.043287797304987906,0.04107155278325081,0.20266117729661695,0.10693132132291794,0.9360843300819397,Q + Adam + gated reuse,11,"(64, 1, 0.4)"
9,0.040917047333717343,0.046497467905282974,0.21563271529450945,0.13772174715995789,0.9276404976844788,Q + Adam + gated reuse,11,"(64, 1, 0.4)"
10,0.040354554533958434,0.040680497884750366,0.2016940700287204,0.11464746296405792,0.9366928935050964,Q + Adam + gated reuse,11,"(64, 1, 0.4)"
11,0.037711694425344465,0.03717142343521118,0.19279891969409782,0.1030302494764328,0.9421536922454834,Q + Adam + gated reuse,11,"(64, 1, 0.4)"
12,0.03532139927744865,0.03434338793158531,0.18531969115985844,0.09907298535108566,0.9465547204017639,Q + Adam + gated reuse,11,"(64, 1, 0.4)"
13,0.03361610923707485,0.032899994403123856,0.18138355604388137,0.09840445220470428,0.9488009214401245,Q + Adam + gated reuse,11,"(64, 1, 0.4)"
14,0.031812240976095196,0.03156314417719841,0.177660193001129,0.0958540141582489,0.95088130235672,Q + Adam + gated reuse,11,"(64, 1, 0.4)"
15,0.030489712637662886,0.032270271331071854,0.17963928114716962,0.10366664081811905,0.9497808814048767,Q + Adam + gated reuse,11,"(64, 1, 0.4)"
16,0.030111177974939347,0.0304455254226923,0.17448646200405435,0.09810686856508255,0.9526205658912659,Q + Adam + gated reuse,11,"(64, 1, 0.4)"
17,0.028969859397411347,0.02971903420984745,0.17239209439486328,0.09533511847257614,0.9537511467933655,Q + Adam + gated reuse,11,"(64, 1, 0.4)"
18,0.02881629129052162,0.028542429208755493,0.16894504789651424,0.0937761664390564,0.9555822014808655,Q + Adam + gated reuse,11,"(64, 1, 0.4)"
19,0.027567359417676927,0.030796729028224945,0.17548996845468104,0.10385078191757202,0.9520740509033203,Q + Adam + gated reuse,11,"(64, 1, 0.4)"
20,0.028125709053874015,0.02857385203242302,0.16903801948799277,0.09495441615581512,0.9555332660675049,Q + Adam + gated reuse,11,"(64, 1, 0.4)"
21,0.026939927569031717,0.027699830010533333,0.16643265908629032,0.0948965921998024,0.9568934440612793,Q + Adam + gated reuse,11,"(64, 1, 0.4)"
22,0.026085786578059197,0.028434233739972115,0.16862453481024675,0.09831973910331726,0.9557505249977112,Q + Adam + gated reuse,11,"(64, 1, 0.4)"
23,0.026038160815834998,0.028154028579592705,0.16779162249526258,0.10265348106622696,0.9561865925788879,Q + Adam + gated reuse,11,"(64, 1, 0.4)"
24,0.025271629691123964,0.025937555357813835,0.1610514059479576,0.09345906972885132,0.9596359133720398,Q + Adam + gated reuse,11,"(64, 1, 0.4)"
25,0.02531545551419258,0.025402450934052467,0.15938146358360644,0.09126659482717514,0.9604686498641968,Q + Adam + gated reuse,11,"(64, 1, 0.4)"
26,0.024464754132926463,0.026671575382351875,0.16331434530485028,0.09440712630748749,0.9584935903549194,Q + Adam + gated reuse,11,"(64, 1, 0.4)"
27,0.02401138331592083,0.025099948048591614,0.15842963122027273,0.0899200588464737,0.9609394073486328,Q + Adam + gated reuse,11,"(64, 1, 0.4)"
28,0.02394019649028778,0.026622461155056953,0.16316390886178522,0.09855290502309799,0.9585700631141663,Q + Adam + gated reuse,11,"(64, 1, 0.4)"
29,0.024087241047620774,0.025111878290772438,0.15846727829672735,0.09469737857580185,0.9609208106994629,Q + Adam + gated reuse,11,"(64, 1, 0.4)"
30,0.023359880889952184,0.024914192035794258,0.15784230116098238,0.09162416309118271,0.9612284302711487,Q + Adam + gated reuse,11,"(64, 1, 0.4)"
31,0.023702993178367614,0.025025995448231697,0.15819606647521833,0.09432223439216614,0.9610544443130493,Q + Adam + gated reuse,11,"(64, 1, 0.4)"
32,0.022684241765737533,0.027295708656311035,0.1652141297114476,0.09074993431568146,0.9575223326683044,Q + Adam + gated reuse,11,"(64, 1, 0.4)"
33,0.023717256662249567,0.025362154468894005,0.15925499825403913,0.09670397639274597,0.9605313539505005,Q + Adam + gated reuse,11,"(64, 1, 0.4)"
34,0.023027457629144193,0.025662418454885483,0.16019493891782438,0.10076037794351578,0.9600640535354614,Q + Adam + gated reuse,11,"(64, 1, 0.4)"
35,0.022585592639446258,0.024821484461426735,0.15754835594644184,0.09537733346223831,0.9613727331161499,Q + Adam + gated reuse,11,"(64, 1, 0.4)"
36,0.02283098684847355,0.023887190967798233,0.1545548154144614,0.0920582041144371,0.962826669216156,Q + Adam + gated reuse,11,"(64, 1, 0.4)"
37,0.02243501057624817,0.023640496656298637,0.15375466385218575,0.08773984014987946,0.9632105827331543,Q + Adam + gated reuse,11,"(64, 1, 0.4)"
38,0.02192377397119999,0.023018360137939453,0.1517180283879917,0.08815862238407135,0.964178740978241,Q + Adam + gated reuse,11,"(64, 1, 0.4)"
39,0.02188526979982853,0.024113254621624947,0.1552844313562211,0.09178471565246582,0.9624748826026917,Q + Adam + gated reuse,11,"(64, 1, 0.4)"
40,0.021821799102425574,0.023323342204093933,0.15271981601643558,0.090354323387146,0.9637041091918945,Q + Adam + gated reuse,11,"(64, 1, 0.4)"
41,0.022527948713302614,0.024124225601553917,0.15531975277328353,0.09557782858610153,0.9624577760696411,Q + Adam + gated reuse,11,"(64, 1, 0.4)"
42,0.027233938743174077,0.025906052440404892,0.16095357231327576,0.09242606163024902,0.9596849083900452,Q + Adam + gated reuse,11,"(64, 1, 0.4)"
43,0.0228452108964324,0.023753968998789787,0.15412322666875938,0.08931565284729004,0.9630339741706848,Q + Adam + gated reuse,11,"(64, 1, 0.4)"
1,0.43552741928100586,0.2800382971763611,0.5291864484058157,0.3025966286659241,0.5642034411430359,Random + Adam + gated reuse,11,"(64, 1, 0.4)"
2,0.15471304659843446,0.09983699768781662,0.3159699316197929,0.16442973911762238,0.8446333408355713,Random + Adam + gated reuse,11,"(64, 1, 0.4)"
3,0.08233242835998535,0.07480376958847046,0.2735027780269708,0.15039892494678497,0.8835901021957397,Random + Adam + gated reuse,11,"(64, 1, 0.4)"
4,0.06504817498326301,0.059971198439598083,0.24489017628234516,0.1326638013124466,0.9066725969314575,Random + Adam + gated reuse,11,"(64, 1, 0.4)"
5,0.056060153996944424,0.05525181442499161,0.23505704504437133,0.1259763538837433,0.9140169620513916,Random + Adam + gated reuse,11,"(64, 1, 0.4)"
6,0.05031382800340652,0.0483696348965168,0.21993097757368515,0.12009233236312866,0.9247270226478577,Random + Adam + gated reuse,11,"(64, 1, 0.4)"
7,0.04536056038141251,0.04663758724927902,0.2159573736858249,0.1233750507235527,0.9274224042892456,Random + Adam + gated reuse,11,"(64, 1, 0.4)"
8,0.043287797304987906,0.04107155278325081,0.20266117729661695,0.10693132132291794,0.9360843300819397,Random + Adam + gated reuse,11,"(64, 1, 0.4)"
9,0.040917047333717343,0.046497467905282974,0.21563271529450945,0.13772174715995789,0.9276404976844788,Random + Adam + gated reuse,11,"(64, 1, 0.4)"
10,0.040354554533958434,0.040680497884750366,0.2016940700287204,0.11464746296405792,0.9366928935050964,Random + Adam + gated reuse,11,"(64, 1, 0.4)"
11,0.037711694425344465,0.03717142343521118,0.19279891969409782,0.1030302494764328,0.9421536922454834,Random + Adam + gated reuse,11,"(64, 1, 0.4)"
12,0.03532139927744865,0.03434338793158531,0.18531969115985844,0.09907298535108566,0.9465547204017639,Random + Adam + gated reuse,11,"(64, 1, 0.4)"
13,0.03361610923707485,0.032899994403123856,0.18138355604388137,0.09840445220470428,0.9488009214401245,Random + Adam + gated reuse,11,"(64, 1, 0.4)"
14,0.031812240976095196,0.03156314417719841,0.177660193001129,0.0958540141582489,0.95088130235672,Random + Adam + gated reuse,11,"(64, 1, 0.4)"
15,0.030489712637662886,0.032270271331071854,0.17963928114716962,0.10366664081811905,0.9497808814048767,Random + Adam + gated reuse,11,"(64, 1, 0.4)"
16,0.030111177974939347,0.0304455254226923,0.17448646200405435,0.09810686856508255,0.9526205658912659,Random + Adam + gated reuse,11,"(64, 1, 0.4)"
17,0.028969859397411347,0.02971903420984745,0.17239209439486328,0.09533511847257614,0.9537511467933655,Random + Adam + gated reuse,11,"(64, 1, 0.4)"
18,0.02881629129052162,0.028542429208755493,0.16894504789651424,0.0937761664390564,0.9555822014808655,Random + Adam + gated reuse,11,"(64, 1, 0.4)"
19,0.027567359417676927,0.030796729028224945,0.17548996845468104,0.10385078191757202,0.9520740509033203,Random + Adam + gated reuse,11,"(64, 1, 0.4)"
20,0.028125709053874015,0.02857385203242302,0.16903801948799277,0.09495441615581512,0.9555332660675049,Random + Adam + gated reuse,11,"(64, 1, 0.4)"
21,0.026939927569031717,0.027699830010533333,0.16643265908629032,0.0948965921998024,0.9568934440612793,Random + Adam + gated reuse,11,"(64, 1, 0.4)"
22,0.026085786578059197,0.028434233739972115,0.16862453481024675,0.09831973910331726,0.9557505249977112,Random + Adam + gated reuse,11,"(64, 1, 0.4)"
23,0.026038160815834998,0.028154028579592705,0.16779162249526258,0.10265348106622696,0.9561865925788879,Random + Adam + gated reuse,11,"(64, 1, 0.4)"
24,0.025271629691123964,0.025937555357813835,0.1610514059479576,0.09345906972885132,0.9596359133720398,Random + Adam + gated reuse,11,"(64, 1, 0.4)"
25,0.02531545551419258,0.025402450934052467,0.15938146358360644,0.09126659482717514,0.9604686498641968,Random + Adam + gated reuse,11,"(64, 1, 0.4)"
26,0.024464754132926463,0.026671575382351875,0.16331434530485028,0.09440712630748749,0.9584935903549194,Random + Adam + gated reuse,11,"(64, 1, 0.4)"
27,0.02401138331592083,0.025099948048591614,0.15842963122027273,0.0899200588464737,0.9609394073486328,Random + Adam + gated reuse,11,"(64, 1, 0.4)"
28,0.02394019649028778,0.026622461155056953,0.16316390886178522,0.09855290502309799,0.9585700631141663,Random + Adam + gated reuse,11,"(64, 1, 0.4)"
29,0.024087241047620774,0.025111878290772438,0.15846727829672735,0.09469737857580185,0.9609208106994629,Random + Adam + gated reuse,11,"(64, 1, 0.4)"
30,0.023359880889952184,0.024914192035794258,0.15784230116098238,0.09162416309118271,0.9612284302711487,Random + Adam + gated reuse,11,"(64, 1, 0.4)"
31,0.023702993178367614,0.025025995448231697,0.15819606647521833,0.09432223439216614,0.9610544443130493,Random + Adam + gated reuse,11,"(64, 1, 0.4)"
32,0.022684241765737533,0.027295708656311035,0.1652141297114476,0.09074993431568146,0.9575223326683044,Random + Adam + gated reuse,11,"(64, 1, 0.4)"
33,0.023717256662249567,0.025362154468894005,0.15925499825403913,0.09670397639274597,0.9605313539505005,Random + Adam + gated reuse,11,"(64, 1, 0.4)"
34,0.023027457629144193,0.025662418454885483,0.16019493891782438,0.10076037794351578,0.9600640535354614,Random + Adam + gated reuse,11,"(64, 1, 0.4)"
35,0.022585592639446258,0.024821484461426735,0.15754835594644184,0.09537733346223831,0.9613727331161499,Random + Adam + gated reuse,11,"(64, 1, 0.4)"
36,0.02283098684847355,0.023887190967798233,0.1545548154144614,0.0920582041144371,0.962826669216156,Random + Adam + gated reuse,11,"(64, 1, 0.4)"
37,0.02243501057624817,0.023640496656298637,0.15375466385218575,0.08773984014987946,0.9632105827331543,Random + Adam + gated reuse,11,"(64, 1, 0.4)"
38,0.02192377397119999,0.023018360137939453,0.1517180283879917,0.08815862238407135,0.964178740978241,Random + Adam + gated reuse,11,"(64, 1, 0.4)"
39,0.02188526979982853,0.024113254621624947,0.1552844313562211,0.09178471565246582,0.9624748826026917,Random + Adam + gated reuse,11,"(64, 1, 0.4)"
40,0.021821799102425574,0.023323342204093933,0.15271981601643558,0.090354323387146,0.9637041091918945,Random + Adam + gated reuse,11,"(64, 1, 0.4)"
41,0.022527948713302614,0.024124225601553917,0.15531975277328353,0.09557782858610153,0.9624577760696411,Random + Adam + gated reuse,11,"(64, 1, 0.4)"
42,0.027233938743174077,0.025906052440404892,0.16095357231327576,0.09242606163024902,0.9596849083900452,Random + Adam + gated reuse,11,"(64, 1, 0.4)"
43,0.0228452108964324,0.023753968998789787,0.15412322666875938,0.08931565284729004,0.9630339741706848,Random + Adam + gated reuse,11,"(64, 1, 0.4)"
1,0.5363757305145264,0.4554536044597626,0.6748730283984999,0.4051486551761627,0.291221559047699,Q + SGD + gated reuse,11,"(32, 1, 0.4)"
2,0.2984121371269226,0.22402767837047577,0.47331562236046654,0.2460039258003235,0.6513673663139343,Q + SGD + gated reuse,11,"(32, 1, 0.4)"
3,0.15261624596118928,0.12576737999916077,0.35463696930686844,0.1763661801815033,0.8042804002761841,Q + SGD + gated reuse,11,"(32, 1, 0.4)"
4,0.10146390753984451,0.09458894282579422,0.3075531544721891,0.15316671133041382,0.8528003692626953,Q + SGD + gated reuse,11,"(32, 1, 0.4)"
5,0.08033675815165042,0.0766185075044632,0.2768004832085074,0.13801896572113037,0.8807660341262817,Q + SGD + gated reuse,11,"(32, 1, 0.4)"
6,0.06807780150771141,0.06661778688430786,0.258104217099039,0.12968628108501434,0.8963291645050049,Q + SGD + gated reuse,11,"(32, 1, 0.4)"
7,0.059743594843149186,0.05769899860024452,0.24020615853937743,0.12222641706466675,0.9102086424827576,Q + SGD + gated reuse,11,"(32, 1, 0.4)"
8,0.05351167579293251,0.05177522078156471,0.22754169020547577,0.11716750264167786,0.919427216053009,Q + SGD + gated reuse,11,"(32, 1, 0.4)"
9,0.048498048174381254,0.04846145957708359,0.22013963654254448,0.11620885878801346,0.9245840907096863,Q + SGD + gated reuse,11,"(32, 1, 0.4)"
10,0.04547642493247986,0.045871149748563766,0.21417551155200673,0.11533620953559875,0.928615152835846,Q + SGD + gated reuse,11,"(32, 1, 0.4)"
11,0.0434040461152792,0.04381716996431351,0.20932551197671417,0.11192180216312408,0.9318115711212158,Q + SGD + gated reuse,11,"(32, 1, 0.4)"
12,0.0409406616806984,0.0426005981862545,0.2063991235113524,0.11402636766433716,0.9337047934532166,Q + SGD + gated reuse,11,"(32, 1, 0.4)"
13,0.03974165495634079,0.039014801383018494,0.19752164788452553,0.10314765572547913,0.9392850399017334,Q + SGD + gated reuse,11,"(32, 1, 0.4)"
14,0.03779644377529621,0.038527727127075195,0.19628481124905003,0.10496608912944794,0.940043032169342,Q + SGD + gated reuse,11,"(32, 1, 0.4)"
15,0.03637042688727379,0.03754037618637085,0.1937533901287171,0.10451377928256989,0.9415795207023621,Q + SGD + gated reuse,11,"(32, 1, 0.4)"
16,0.035448478865623474,0.03553878143429756,0.18851732396333648,0.09919331967830658,0.9446943998336792,Q + SGD + gated reuse,11,"(32, 1, 0.4)"
17,0.03420999413728714,0.03488187491893768,0.18676689995536597,0.09934639930725098,0.9457167387008667,Q + SGD + gated reuse,11,"(32, 1, 0.4)"
18,0.033622431910038,0.03387153893709183,0.18404222052858368,0.09696431457996368,0.947288990020752,Q + SGD + gated reuse,11,"(32, 1, 0.4)"
19,0.03235215802192688,0.036291636526584625,0.190503639142628,0.11037565022706985,0.9435228109359741,Q + SGD + gated reuse,11,"(32, 1, 0.4)"
20,0.03194469181150198,0.03242012485861778,0.18005589370697583,0.0958193689584732,0.9495477080345154,Q + SGD + gated reuse,11,"(32, 1, 0.4)"
21,0.030768840444087984,0.03313262760639191,0.18202370067217044,0.09995510429143906,0.9484388828277588,Q + SGD + gated reuse,11,"(32, 1, 0.4)"
22,0.03079983987361193,0.033239759504795074,0.18231774325280323,0.10034696757793427,0.948272168636322,Q + SGD + gated reuse,11,"(32, 1, 0.4)"
23,0.030209390199184418,0.03253726661205292,0.18038089314573458,0.0989861786365509,0.9493653774261475,Q + SGD + gated reuse,11,"(32, 1, 0.4)"
24,0.030154604160785674,0.031046660616993904,0.17620062604030073,0.09477610141038895,0.9516850709915161,Q + SGD + gated reuse,11,"(32, 1, 0.4)"
25,0.029567585426568985,0.030672283843159676,0.17513504458891052,0.09422869980335236,0.9522677063941956,Q + SGD + gated reuse,11,"(32, 1, 0.4)"
26,0.028595914524793625,0.030971389263868332,0.17598690083034116,0.09798303246498108,0.9518021941184998,Q + SGD + gated reuse,11,"(32, 1, 0.4)"
27,0.028280910867452623,0.0299863088876009,0.17316555340944947,0.09461840987205505,0.9533352255821228,Q + SGD + gated reuse,11,"(32, 1, 0.4)"
28,0.027946208357810975,0.02974197082221508,0.17245860611235114,0.09448444098234177,0.953715443611145,Q + SGD + gated reuse,11,"(32, 1, 0.4)"
29,0.027877240355312825,0.029256217181682587,0.17104448889596702,0.09325793385505676,0.9544713497161865,Q + SGD + gated reuse,11,"(32, 1, 0.4)"
30,0.02750804065912962,0.02988031692802906,0.17285924021593135,0.09598105400800705,0.9535001516342163,Q + SGD + gated reuse,11,"(32, 1, 0.4)"
31,0.027112653771042824,0.029032312333583832,0.17038870952496774,0.09407048672437668,0.9548197984695435,Q + SGD + gated reuse,11,"(32, 1, 0.4)"
32,0.026913501530885696,0.028543848544359207,0.16894924842792053,0.09250880032777786,0.9555799961090088,Q + SGD + gated reuse,11,"(32, 1, 0.4)"
33,0.026599510025978088,0.028798755258321762,0.16970196008980498,0.09432794153690338,0.9551832675933838,Q + SGD + gated reuse,11,"(32, 1, 0.4)"
34,0.02667065831720829,0.02883618138730526,0.16981219445995407,0.0949237123131752,0.9551250338554382,Q + SGD + gated reuse,11,"(32, 1, 0.4)"
35,0.026087074089050293,0.028705181553959846,0.1694260356437577,0.09552440047264099,0.9553288817405701,Q + SGD + gated reuse,11,"(32, 1, 0.4)"
36,0.026589877867698668,0.028943048790097237,0.17012656697323095,0.09825172275304794,0.9549587368965149,Q + SGD + gated reuse,11,"(32, 1, 0.4)"
37,0.025628771256655455,0.02747865580022335,0.16576687184182293,0.09363304823637009,0.9572376012802124,Q + SGD + gated reuse,11,"(32, 1, 0.4)"
38,0.025185435493290425,0.02778044156730175,0.16667465784366187,0.09430953115224838,0.9567679762840271,Q + SGD + gated reuse,11,"(32, 1, 0.4)"
39,0.025236180948466063,0.026693029329180717,0.16338001508501804,0.09126545488834381,0.9584602117538452,Q + SGD + gated reuse,11,"(32, 1, 0.4)"
40,0.0246135646045208,0.02733885496854782,0.16534465509519145,0.09174805134534836,0.9574551582336426,Q + SGD + gated reuse,11,"(32, 1, 0.4)"
41,0.02456924134492874,0.02625943534076214,0.16204763293785607,0.09016247093677521,0.9591349959373474,Q + SGD + gated reuse,11,"(32, 1, 0.4)"
42,0.02542790550887585,0.026866214349865913,0.16390916493553956,0.09382079541683197,0.9581906795501709,Q + SGD + gated reuse,11,"(32, 1, 0.4)"
43,0.024233606877923013,0.025985918939113617,0.16120148553631142,0.09047659486532211,0.9595606327056885,Q + SGD + gated reuse,11,"(32, 1, 0.4)"
44,0.024055912470072507,0.025881603360176086,0.16087760366246162,0.09075595438480377,0.9597229361534119,Q + SGD + gated reuse,11,"(32, 1, 0.4)"
45,0.023642273330688475,0.02598894014954567,0.16121085617769565,0.09026288241147995,0.9595559239387512,Q + SGD + gated reuse,11,"(32, 1, 0.4)"
46,0.02365605089366436,0.025568148121237755,0.15990043189822145,0.090443916618824,0.9602107405662537,Q + SGD + gated reuse,11,"(32, 1, 0.4)"
47,0.023372562474012374,0.026815207675099373,0.16375349668052702,0.09896590560674667,0.9582700729370117,Q + SGD + gated reuse,11,"(32, 1, 0.4)"
48,0.02481823000907898,0.026018988341093063,0.16130402456570345,0.09363219141960144,0.9595091342926025,Q + SGD + gated reuse,11,"(32, 1, 0.4)"
49,0.023521739315986633,0.025959860533475876,0.16112063968801724,0.08911394327878952,0.9596011638641357,Q + SGD + gated reuse,11,"(32, 1, 0.4)"
50,0.023326047476381062,0.025088483467698097,0.15839344515382603,0.09069617092609406,0.9609572291374207,Q + SGD + gated reuse,11,"(32, 1, 0.4)"
1,0.43552741928100586,0.2800382971763611,0.5291864484058157,0.3025966286659241,0.5642034411430359,Q + Adam + cold start,11,"(64, 1, 0.2)"
2,0.15471304659843446,0.09983699768781662,0.3159699316197929,0.16442973911762238,0.8446333408355713,Q + Adam + cold start,11,"(64, 1, 0.2)"
3,0.08233242835998535,0.07480376958847046,0.2735027780269708,0.15039892494678497,0.8835901021957397,Q + Adam + cold start,11,"(64, 1, 0.2)"
4,0.06504817498326301,0.059971198439598083,0.24489017628234516,0.1326638013124466,0.9066725969314575,Q + Adam + cold start,11,"(64, 1, 0.2)"
5,0.056060153996944424,0.05525181442499161,0.23505704504437133,0.1259763538837433,0.9140169620513916,Q + Adam + cold start,11,"(64, 1, 0.2)"
6,0.05031382800340652,0.0483696348965168,0.21993097757368515,0.12009233236312866,0.9247270226478577,Q + Adam + cold start,11,"(64, 1, 0.2)"
7,0.04536056038141251,0.04663758724927902,0.2159573736858249,0.1233750507235527,0.9274224042892456,Q + Adam + cold start,11,"(64, 1, 0.2)"
8,0.043287797304987906,0.04107155278325081,0.20266117729661695,0.10693132132291794,0.9360843300819397,Q + Adam + cold start,11,"(64, 1, 0.2)"
9,0.040917047333717343,0.046497467905282974,0.21563271529450945,0.13772174715995789,0.9276404976844788,Q + Adam + cold start,11,"(64, 1, 0.2)"
10,0.040354554533958434,0.040680497884750366,0.2016940700287204,0.11464746296405792,0.9366928935050964,Q + Adam + cold start,11,"(64, 1, 0.2)"
11,0.037711694425344465,0.03717142343521118,0.19279891969409782,0.1030302494764328,0.9421536922454834,Q + Adam + cold start,11,"(64, 1, 0.2)"
12,0.03532139927744865,0.03434338793158531,0.18531969115985844,0.09907298535108566,0.9465547204017639,Q + Adam + cold start,11,"(64, 1, 0.2)"
13,0.03361610923707485,0.032899994403123856,0.18138355604388137,0.09840445220470428,0.9488009214401245,Q + Adam + cold start,11,"(64, 1, 0.2)"
14,0.031812240976095196,0.03156314417719841,0.177660193001129,0.0958540141582489,0.95088130235672,Q + Adam + cold start,11,"(64, 1, 0.2)"
15,0.030489712637662886,0.032270271331071854,0.17963928114716962,0.10366664081811905,0.9497808814048767,Q + Adam + cold start,11,"(64, 1, 0.2)"
16,0.030111177974939347,0.0304455254226923,0.17448646200405435,0.09810686856508255,0.9526205658912659,Q + Adam + cold start,11,"(64, 1, 0.2)"
17,0.028969859397411347,0.02971903420984745,0.17239209439486328,0.09533511847257614,0.9537511467933655,Q + Adam + cold start,11,"(64, 1, 0.2)"
18,0.02881629129052162,0.028542429208755493,0.16894504789651424,0.0937761664390564,0.9555822014808655,Q + Adam + cold start,11,"(64, 1, 0.2)"
19,0.027567359417676927,0.030796729028224945,0.17548996845468104,0.10385078191757202,0.9520740509033203,Q + Adam + cold start,11,"(64, 1, 0.2)"
20,0.028125709053874015,0.02857385203242302,0.16903801948799277,0.09495441615581512,0.9555332660675049,Q + Adam + cold start,11,"(64, 1, 0.2)"
21,0.026939927569031717,0.027699830010533333,0.16643265908629032,0.0948965921998024,0.9568934440612793,Q + Adam + cold start,11,"(64, 1, 0.2)"
22,0.026085786578059197,0.028434233739972115,0.16862453481024675,0.09831973910331726,0.9557505249977112,Q + Adam + cold start,11,"(64, 1, 0.2)"
23,0.026038160815834998,0.028154028579592705,0.16779162249526258,0.10265348106622696,0.9561865925788879,Q + Adam + cold start,11,"(64, 1, 0.2)"
24,0.025271629691123964,0.025937555357813835,0.1610514059479576,0.09345906972885132,0.9596359133720398,Q + Adam + cold start,11,"(64, 1, 0.2)"
25,0.02531545551419258,0.025402450934052467,0.15938146358360644,0.09126659482717514,0.9604686498641968,Q + Adam + cold start,11,"(64, 1, 0.2)"
26,0.024464754132926463,0.026671575382351875,0.16331434530485028,0.09440712630748749,0.9584935903549194,Q + Adam + cold start,11,"(64, 1, 0.2)"
27,0.02401138331592083,0.025099948048591614,0.15842963122027273,0.0899200588464737,0.9609394073486328,Q + Adam + cold start,11,"(64, 1, 0.2)"
28,0.02394019649028778,0.026622461155056953,0.16316390886178522,0.09855290502309799,0.9585700631141663,Q + Adam + cold start,11,"(64, 1, 0.2)"
29,0.024087241047620774,0.025111878290772438,0.15846727829672735,0.09469737857580185,0.9609208106994629,Q + Adam + cold start,11,"(64, 1, 0.2)"
30,0.023359880889952184,0.024914192035794258,0.15784230116098238,0.09162416309118271,0.9612284302711487,Q + Adam + cold start,11,"(64, 1, 0.2)"
31,0.023702993178367614,0.025025995448231697,0.15819606647521833,0.09432223439216614,0.9610544443130493,Q + Adam + cold start,11,"(64, 1, 0.2)"
32,0.022684241765737533,0.027295708656311035,0.1652141297114476,0.09074993431568146,0.9575223326683044,Q + Adam + cold start,11,"(64, 1, 0.2)"
33,0.023717256662249567,0.025362154468894005,0.15925499825403913,0.09670397639274597,0.9605313539505005,Q + Adam + cold start,11,"(64, 1, 0.2)"
34,0.023027457629144193,0.025662418454885483,0.16019493891782438,0.10076037794351578,0.9600640535354614,Q + Adam + cold start,11,"(64, 1, 0.2)"
35,0.022585592639446258,0.024821484461426735,0.15754835594644184,0.09537733346223831,0.9613727331161499,Q + Adam + cold start,11,"(64, 1, 0.2)"
36,0.02283098684847355,0.023887190967798233,0.1545548154144614,0.0920582041144371,0.962826669216156,Q + Adam + cold start,11,"(64, 1, 0.2)"
37,0.02243501057624817,0.023640496656298637,0.15375466385218575,0.08773984014987946,0.9632105827331543,Q + Adam + cold start,11,"(64, 1, 0.2)"
38,0.02192377397119999,0.023018360137939453,0.1517180283879917,0.08815862238407135,0.964178740978241,Q + Adam + cold start,11,"(64, 1, 0.2)"
39,0.02188526979982853,0.024113254621624947,0.1552844313562211,0.09178471565246582,0.9624748826026917,Q + Adam + cold start,11,"(64, 1, 0.2)"
40,0.021821799102425574,0.023323342204093933,0.15271981601643558,0.090354323387146,0.9637041091918945,Q + Adam + cold start,11,"(64, 1, 0.2)"
41,0.022527948713302614,0.024124225601553917,0.15531975277328353,0.09557782858610153,0.9624577760696411,Q + Adam + cold start,11,"(64, 1, 0.2)"
42,0.027233938743174077,0.025906052440404892,0.16095357231327576,0.09242606163024902,0.9596849083900452,Q + Adam + cold start,11,"(64, 1, 0.2)"
43,0.0228452108964324,0.023753968998789787,0.15412322666875938,0.08931565284729004,0.9630339741706848,Q + Adam + cold start,11,"(64, 1, 0.2)"
1,0.5363757305145264,0.4554536044597626,0.6748730283984999,0.4051486551761627,0.291221559047699,Q + Adam + direct reuse,11,"(32, 1, 0.4)"
2,0.2984121371269226,0.22402767837047577,0.47331562236046654,0.2460039258003235,0.6513673663139343,Q + Adam + direct reuse,11,"(32, 1, 0.4)"
3,0.15261624596118928,0.12576737999916077,0.35463696930686844,0.1763661801815033,0.8042804002761841,Q + Adam + direct reuse,11,"(32, 1, 0.4)"
4,0.10146390753984451,0.09458894282579422,0.3075531544721891,0.15316671133041382,0.8528003692626953,Q + Adam + direct reuse,11,"(32, 1, 0.4)"
5,0.08033675815165042,0.0766185075044632,0.2768004832085074,0.13801896572113037,0.8807660341262817,Q + Adam + direct reuse,11,"(32, 1, 0.4)"
6,0.06807780150771141,0.06661778688430786,0.258104217099039,0.12968628108501434,0.8963291645050049,Q + Adam + direct reuse,11,"(32, 1, 0.4)"
7,0.059743594843149186,0.05769899860024452,0.24020615853937743,0.12222641706466675,0.9102086424827576,Q + Adam + direct reuse,11,"(32, 1, 0.4)"
8,0.05351167579293251,0.05177522078156471,0.22754169020547577,0.11716750264167786,0.919427216053009,Q + Adam + direct reuse,11,"(32, 1, 0.4)"
9,0.048498048174381254,0.04846145957708359,0.22013963654254448,0.11620885878801346,0.9245840907096863,Q + Adam + direct reuse,11,"(32, 1, 0.4)"
10,0.04547642493247986,0.045871149748563766,0.21417551155200673,0.11533620953559875,0.928615152835846,Q + Adam + direct reuse,11,"(32, 1, 0.4)"
11,0.0434040461152792,0.04381716996431351,0.20932551197671417,0.11192180216312408,0.9318115711212158,Q + Adam + direct reuse,11,"(32, 1, 0.4)"
12,0.0409406616806984,0.0426005981862545,0.2063991235113524,0.11402636766433716,0.9337047934532166,Q + Adam + direct reuse,11,"(32, 1, 0.4)"
13,0.03974165495634079,0.039014801383018494,0.19752164788452553,0.10314765572547913,0.9392850399017334,Q + Adam + direct reuse,11,"(32, 1, 0.4)"
14,0.03779644377529621,0.038527727127075195,0.19628481124905003,0.10496608912944794,0.940043032169342,Q + Adam + direct reuse,11,"(32, 1, 0.4)"
15,0.03637042688727379,0.03754037618637085,0.1937533901287171,0.10451377928256989,0.9415795207023621,Q + Adam + direct reuse,11,"(32, 1, 0.4)"
16,0.035448478865623474,0.03553878143429756,0.18851732396333648,0.09919331967830658,0.9446943998336792,Q + Adam + direct reuse,11,"(32, 1, 0.4)"
17,0.03420999413728714,0.03488187491893768,0.18676689995536597,0.09934639930725098,0.9457167387008667,Q + Adam + direct reuse,11,"(32, 1, 0.4)"
18,0.033622431910038,0.03387153893709183,0.18404222052858368,0.09696431457996368,0.947288990020752,Q + Adam + direct reuse,11,"(32, 1, 0.4)"
19,0.03235215802192688,0.036291636526584625,0.190503639142628,0.11037565022706985,0.9435228109359741,Q + Adam + direct reuse,11,"(32, 1, 0.4)"
20,0.03194469181150198,0.03242012485861778,0.18005589370697583,0.0958193689584732,0.9495477080345154,Q + Adam + direct reuse,11,"(32, 1, 0.4)"
21,0.030768840444087984,0.03313262760639191,0.18202370067217044,0.09995510429143906,0.9484388828277588,Q + Adam + direct reuse,11,"(32, 1, 0.4)"
22,0.03079983987361193,0.033239759504795074,0.18231774325280323,0.10034696757793427,0.948272168636322,Q + Adam + direct reuse,11,"(32, 1, 0.4)"
23,0.030209390199184418,0.03253726661205292,0.18038089314573458,0.0989861786365509,0.9493653774261475,Q + Adam + direct reuse,11,"(32, 1, 0.4)"
24,0.030154604160785674,0.031046660616993904,0.17620062604030073,0.09477610141038895,0.9516850709915161,Q + Adam + direct reuse,11,"(32, 1, 0.4)"
25,0.029567585426568985,0.030672283843159676,0.17513504458891052,0.09422869980335236,0.9522677063941956,Q + Adam + direct reuse,11,"(32, 1, 0.4)"
26,0.028595914524793625,0.030971389263868332,0.17598690083034116,0.09798303246498108,0.9518021941184998,Q + Adam + direct reuse,11,"(32, 1, 0.4)"
27,0.028280910867452623,0.0299863088876009,0.17316555340944947,0.09461840987205505,0.9533352255821228,Q + Adam + direct reuse,11,"(32, 1, 0.4)"
28,0.027946208357810975,0.02974197082221508,0.17245860611235114,0.09448444098234177,0.953715443611145,Q + Adam + direct reuse,11,"(32, 1, 0.4)"
29,0.027877240355312825,0.029256217181682587,0.17104448889596702,0.09325793385505676,0.9544713497161865,Q + Adam + direct reuse,11,"(32, 1, 0.4)"
30,0.02750804065912962,0.02988031692802906,0.17285924021593135,0.09598105400800705,0.9535001516342163,Q + Adam + direct reuse,11,"(32, 1, 0.4)"
31,0.027112653771042824,0.029032312333583832,0.17038870952496774,0.09407048672437668,0.9548197984695435,Q + Adam + direct reuse,11,"(32, 1, 0.4)"
32,0.026913501530885696,0.028543848544359207,0.16894924842792053,0.09250880032777786,0.9555799961090088,Q + Adam + direct reuse,11,"(32, 1, 0.4)"
33,0.026599510025978088,0.028798755258321762,0.16970196008980498,0.09432794153690338,0.9551832675933838,Q + Adam + direct reuse,11,"(32, 1, 0.4)"
34,0.02667065831720829,0.02883618138730526,0.16981219445995407,0.0949237123131752,0.9551250338554382,Q + Adam + direct reuse,11,"(32, 1, 0.4)"
35,0.026087074089050293,0.028705181553959846,0.1694260356437577,0.09552440047264099,0.9553288817405701,Q + Adam + direct reuse,11,"(32, 1, 0.4)"
36,0.026589877867698668,0.028943048790097237,0.17012656697323095,0.09825172275304794,0.9549587368965149,Q + Adam + direct reuse,11,"(32, 1, 0.4)"
37,0.025628771256655455,0.02747865580022335,0.16576687184182293,0.09363304823637009,0.9572376012802124,Q + Adam + direct reuse,11,"(32, 1, 0.4)"
38,0.025185435493290425,0.02778044156730175,0.16667465784366187,0.09430953115224838,0.9567679762840271,Q + Adam + direct reuse,11,"(32, 1, 0.4)"
39,0.025236180948466063,0.026693029329180717,0.16338001508501804,0.09126545488834381,0.9584602117538452,Q + Adam + direct reuse,11,"(32, 1, 0.4)"
40,0.0246135646045208,0.02733885496854782,0.16534465509519145,0.09174805134534836,0.9574551582336426,Q + Adam + direct reuse,11,"(32, 1, 0.4)"
41,0.02456924134492874,0.02625943534076214,0.16204763293785607,0.09016247093677521,0.9591349959373474,Q + Adam + direct reuse,11,"(32, 1, 0.4)"
42,0.02542790550887585,0.026866214349865913,0.16390916493553956,0.09382079541683197,0.9581906795501709,Q + Adam + direct reuse,11,"(32, 1, 0.4)"
43,0.024233606877923013,0.025985918939113617,0.16120148553631142,0.09047659486532211,0.9595606327056885,Q + Adam + direct reuse,11,"(32, 1, 0.4)"
44,0.024055912470072507,0.025881603360176086,0.16087760366246162,0.09075595438480377,0.9597229361534119,Q + Adam + direct reuse,11,"(32, 1, 0.4)"
45,0.023642273330688475,0.02598894014954567,0.16121085617769565,0.09026288241147995,0.9595559239387512,Q + Adam + direct reuse,11,"(32, 1, 0.4)"
46,0.02365605089366436,0.025568148121237755,0.15990043189822145,0.090443916618824,0.9602107405662537,Q + Adam + direct reuse,11,"(32, 1, 0.4)"
47,0.023372562474012374,0.026815207675099373,0.16375349668052702,0.09896590560674667,0.9582700729370117,Q + Adam + direct reuse,11,"(32, 1, 0.4)"
48,0.02481823000907898,0.026018988341093063,0.16130402456570345,0.09363219141960144,0.9595091342926025,Q + Adam + direct reuse,11,"(32, 1, 0.4)"
49,0.023521739315986633,0.025959860533475876,0.16112063968801724,0.08911394327878952,0.9596011638641357,Q + Adam + direct reuse,11,"(32, 1, 0.4)"
50,0.023326047476381062,0.025088483467698097,0.15839344515382603,0.09069617092609406,0.9609572291374207,Q + Adam + direct reuse,11,"(32, 1, 0.4)"
1,0.38663563921451566,0.14958994090557098,0.38676858831292255,0.21012699604034424,0.7344298958778381,Q + Adam + gated reuse,22,"(128, 1, 0.4)"
2,0.11392297266721725,0.09135779738426208,0.30225452417501064,0.19198313355445862,0.8378106355667114,Q + Adam + gated reuse,22,"(128, 1, 0.4)"
3,0.07189512699842453,0.05630207434296608,0.23728058147047365,0.12323682010173798,0.9000457525253296,Q + Adam + gated reuse,22,"(128, 1, 0.4)"
4,0.05713995590209961,0.08064624667167664,0.2839828281281751,0.2226152867078781,0.8568270206451416,Q + Adam + gated reuse,22,"(128, 1, 0.4)"
5,0.05635332198143005,0.04700464755296707,0.21680555240345453,0.12852391600608826,0.9165517091751099,Q + Adam + gated reuse,22,"(128, 1, 0.4)"
6,0.04660273980498314,0.0438750684261322,0.20946376399304056,0.12163666635751724,0.9221076965332031,Q + Adam + gated reuse,22,"(128, 1, 0.4)"
7,0.043894310423731805,0.0386282280087471,0.19654065230569248,0.1040707528591156,0.9314225316047668,Q + Adam + gated reuse,22,"(128, 1, 0.4)"
8,0.0405154129743576,0.03620437905192375,0.19027448344936781,0.1009724885225296,0.9357256293296814,Q + Adam + gated reuse,22,"(128, 1, 0.4)"
9,0.03849437819123268,0.054835643619298935,0.2341701168366684,0.1781362146139145,0.9026491641998291,Q + Adam + gated reuse,22,"(128, 1, 0.4)"
10,0.039088964414596555,0.03577050939202309,0.18913093187530983,0.11402923613786697,0.9364959001541138,Q + Adam + gated reuse,22,"(128, 1, 0.4)"
11,0.0341797790825367,0.030653730034828186,0.17508206657116024,0.09512946754693985,0.9455798268318176,Q + Adam + gated reuse,22,"(128, 1, 0.4)"
12,0.03182627105712891,0.030298739671707153,0.1740653316192146,0.10038595646619797,0.9462100267410278,Q + Adam + gated reuse,22,"(128, 1, 0.4)"
13,0.03130895864367485,0.02890060655772686,0.1700017839839537,0.09442529082298279,0.9486921429634094,Q + Adam + gated reuse,22,"(128, 1, 0.4)"
14,0.02996608122587204,0.027852993458509445,0.16689216116555458,0.09391551464796066,0.9505519866943359,Q + Adam + gated reuse,22,"(128, 1, 0.4)"
15,0.029316299745440484,0.028046542778611183,0.16747102071287195,0.09748343378305435,0.9502083659172058,Q + Adam + gated reuse,22,"(128, 1, 0.4)"
16,0.02897789391875267,0.035994768142700195,0.18972287195459644,0.12992919981479645,0.9360977411270142,Q + Adam + gated reuse,22,"(128, 1, 0.4)"
17,0.029814052826166153,0.02559547685086727,0.15998586453454966,0.09347707778215408,0.9545598030090332,Q + Adam + gated reuse,22,"(128, 1, 0.4)"
18,0.02772121965587139,0.024861643090844154,0.15767575302133222,0.0912105068564415,0.9558625817298889,Q + Adam + gated reuse,22,"(128, 1, 0.4)"
19,0.027085822534561158,0.024368930608034134,0.15610551113921037,0.0912044495344162,0.9567373394966125,Q + Adam + gated reuse,22,"(128, 1, 0.4)"
20,0.026969020806252957,0.028315469622612,0.16827201081169738,0.1133129894733429,0.9497309923171997,Q + Adam + gated reuse,22,"(128, 1, 0.4)"
21,0.02559229801595211,0.025749895721673965,0.16046774043923584,0.10330783575773239,0.9542856812477112,Q + Adam + gated reuse,22,"(128, 1, 0.4)"
22,0.026002605912089347,0.022157376632094383,0.14885354087859107,0.08824487030506134,0.9606635570526123,Q + Adam + gated reuse,22,"(128, 1, 0.4)"
23,0.024677924838662147,0.022352933883666992,0.14950897593009924,0.08903439342975616,0.9603163599967957,Q + Adam + gated reuse,22,"(128, 1, 0.4)"
24,0.02457669424712658,0.022076819092035294,0.1485827011870335,0.0899863988161087,0.9608065485954285,Q + Adam + gated reuse,22,"(128, 1, 0.4)"
25,0.023757386842370033,0.021718790754675865,0.14737296480248968,0.08820085227489471,0.9614421725273132,Q + Adam + gated reuse,22,"(128, 1, 0.4)"
26,0.024108028450608252,0.021734509617090225,0.14742628536692576,0.08832237869501114,0.9614142775535583,Q + Adam + gated reuse,22,"(128, 1, 0.4)"
27,0.023214995330572127,0.021529583260416985,0.1467296263895502,0.0881693884730339,0.9617781043052673,Q + Adam + gated reuse,22,"(128, 1, 0.4)"
28,0.022991408517956734,0.02140207216143608,0.14629447071381776,0.09031715989112854,0.9620044827461243,Q + Adam + gated reuse,22,"(128, 1, 0.4)"
29,0.0227336355805397,0.02065126784145832,0.14370548994891713,0.08656100183725357,0.9633373618125916,Q + Adam + gated reuse,22,"(128, 1, 0.4)"
30,0.0234791669011116,0.022501403465867043,0.15000467814660662,0.09214229881763458,0.9600527882575989,Q + Adam + gated reuse,22,"(128, 1, 0.4)"
31,0.023691730764508246,0.02109348401427269,0.1452359597836317,0.09070532023906708,0.9625523090362549,Q + Adam + gated reuse,22,"(128, 1, 0.4)"
32,0.0218176167011261,0.02024657092988491,0.1422904456732247,0.08685333281755447,0.9640558362007141,Q + Adam + gated reuse,22,"(128, 1, 0.4)"
33,0.022133669245243074,0.021237460896372795,0.14573078225403444,0.09008794277906418,0.962296724319458,Q + Adam + gated reuse,22,"(128, 1, 0.4)"
34,0.021883653543889523,0.021574586629867554,0.14688290108064844,0.08984247595071793,0.9616981744766235,Q + Adam + gated reuse,22,"(128, 1, 0.4)"
35,0.022576387606561183,0.020939797163009644,0.1447058988535355,0.09004020690917969,0.9628251194953918,Q + Adam + gated reuse,22,"(128, 1, 0.4)"
36,0.021558114612102507,0.020637305453419685,0.14365690186489366,0.08931493759155273,0.9633621573448181,Q + Adam + gated reuse,22,"(128, 1, 0.4)"
37,0.021269233456254005,0.01949312724173069,0.13961778984689124,0.08513281494379044,0.9653934240341187,Q + Adam + gated reuse,22,"(128, 1, 0.4)"
38,0.021809486384689807,0.019844429567456245,0.14087025792358104,0.08447342365980148,0.9647697806358337,Q + Adam + gated reuse,22,"(128, 1, 0.4)"
39,0.020715833593904973,0.020991452038288116,0.14488427119010577,0.0864560455083847,0.9627334475517273,Q + Adam + gated reuse,22,"(128, 1, 0.4)"
40,0.020600863057374953,0.019943945109844208,0.1412230332128729,0.08684415370225906,0.9645931124687195,Q + Adam + gated reuse,22,"(128, 1, 0.4)"
41,0.02067715277671814,0.019571704789996147,0.13989890918086584,0.08341211080551147,0.9652539491653442,Q + Adam + gated reuse,22,"(128, 1, 0.4)"
42,0.020547420574724674,0.019222954288125038,0.1386468690166678,0.08494168519973755,0.965873122215271,Q + Adam + gated reuse,22,"(128, 1, 0.4)"
43,0.02046833962202072,0.020092707127332687,0.1417487464753487,0.08363253623247147,0.9643290042877197,Q + Adam + gated reuse,22,"(128, 1, 0.4)"
44,0.019698323333263396,0.02176928147673607,0.14754416788452218,0.09720069915056229,0.961352527141571,Q + Adam + gated reuse,22,"(128, 1, 0.4)"
45,0.019909172955155374,0.019217047840356827,0.1386255670515249,0.08064835518598557,0.9658835530281067,Q + Adam + gated reuse,22,"(128, 1, 0.4)"
46,0.02006136936992407,0.018646635115146637,0.1365526825629824,0.08284948021173477,0.9668962359428406,Q + Adam + gated reuse,22,"(128, 1, 0.4)"
47,0.019201891177892685,0.018135210499167442,0.1346670356812217,0.07991641759872437,0.9678041934967041,Q + Adam + gated reuse,22,"(128, 1, 0.4)"
48,0.01899684463441372,0.018191054463386536,0.13487421719285914,0.0814107283949852,0.9677050709724426,Q + Adam + gated reuse,22,"(128, 1, 0.4)"
49,0.019359027060866354,0.01910180039703846,0.1382092630652463,0.08483877032995224,0.9660881757736206,Q + Adam + gated reuse,22,"(128, 1, 0.4)"
50,0.01906933872848749,0.018989617004990578,0.13780281929260582,0.08300073444843292,0.9662873148918152,Q + Adam + gated reuse,22,"(128, 1, 0.4)"
1,0.47112981576919555,0.25293460488319397,0.5029260431546511,0.3044819235801697,0.5509599447250366,Random + Adam + gated reuse,22,"(64, 1, 0.2)"
2,0.1682024812936783,0.09168832749128342,0.30280080497132666,0.15323640406131744,0.8372238278388977,Random + Adam + gated reuse,22,"(64, 1, 0.2)"
3,0.07971393499374389,0.06268180161714554,0.2503633392035374,0.1294558197259903,0.8887196779251099,Random + Adam + gated reuse,22,"(64, 1, 0.2)"
4,0.06301013629436493,0.06903374940156937,0.26274274376577816,0.18497371673583984,0.8774429559707642,Random + Adam + gated reuse,22,"(64, 1, 0.2)"
5,0.05701306653022766,0.04876650497317314,0.22083139489930578,0.11625977605581284,0.9134238362312317,Random + Adam + gated reuse,22,"(64, 1, 0.2)"
6,0.05011026962101459,0.045586083084344864,0.21350897658961523,0.11664552241563797,0.9190700650215149,Random + Adam + gated reuse,22,"(64, 1, 0.2)"
7,0.04696200864315033,0.041339509189128876,0.20332119709742238,0.10526318103075027,0.9266090989112854,Random + Adam + gated reuse,22,"(64, 1, 0.2)"
8,0.043932242542505266,0.03957914933562279,0.19894509125792167,0.10341066867113113,0.9297342896461487,Random + Adam + gated reuse,22,"(64, 1, 0.2)"
9,0.042007882022857664,0.041597235947847366,0.20395400449083456,0.11883468925952911,0.9261515736579895,Random + Adam + gated reuse,22,"(64, 1, 0.2)"
10,0.04065748633146286,0.03704821318387985,0.19247912402096976,0.1057196781039238,0.9342275261878967,Random + Adam + gated reuse,22,"(64, 1, 0.2)"
11,0.038331150662899015,0.03509121015667915,0.18732648012675399,0.09791944921016693,0.9377018213272095,Random + Adam + gated reuse,22,"(64, 1, 0.2)"
12,0.036609120029211045,0.033777233213186264,0.18378583518102332,0.09943534433841705,0.9400345683097839,Random + Adam + gated reuse,22,"(64, 1, 0.2)"
13,0.035062202462553975,0.035205017775297165,0.18763000233250857,0.10551758110523224,0.9374998211860657,Random + Adam + gated reuse,22,"(64, 1, 0.2)"
14,0.03397650961875916,0.03165588527917862,0.17792100853799875,0.09571174532175064,0.9438006281852722,Random + Adam + gated reuse,22,"(64, 1, 0.2)"
15,0.03248204332441092,0.03201214596629143,0.17891938398701082,0.10376238077878952,0.9431681632995605,Random + Adam + gated reuse,22,"(64, 1, 0.2)"
16,0.031576749861240386,0.0327250175178051,0.18090057356958572,0.11246224492788315,0.9419025778770447,Random + Adam + gated reuse,22,"(64, 1, 0.2)"
17,0.031007083293795586,0.02765542082488537,0.16629919069221405,0.09331061691045761,0.9509027600288391,Random + Adam + gated reuse,22,"(64, 1, 0.2)"
18,0.029579738581180574,0.027287041768431664,0.165187898371617,0.09459688514471054,0.9515567421913147,Random + Adam + gated reuse,22,"(64, 1, 0.2)"
19,0.02928568931221962,0.02674427442252636,0.1635367678001689,0.0932556614279747,0.9525203108787537,Random + Adam + gated reuse,22,"(64, 1, 0.2)"
20,0.028519908636808394,0.027327239513397217,0.1653095263842868,0.10015024989843369,0.9514853954315186,Random + Adam + gated reuse,22,"(64, 1, 0.2)"
21,0.028336668211221695,0.026934945955872536,0.16411869471779422,0.09615349024534225,0.9521818161010742,Random + Adam + gated reuse,22,"(64, 1, 0.2)"
22,0.028454052218794823,0.025393160060048103,0.15935231426009508,0.09121734648942947,0.9549189805984497,Random + Adam + gated reuse,22,"(64, 1, 0.2)"
23,0.027379147458076476,0.02492980659008026,0.1578917559281683,0.09233023971319199,0.9557415843009949,Random + Adam + gated reuse,22,"(64, 1, 0.2)"
24,0.02704483275413513,0.02464631199836731,0.15699143925185,0.09151238948106766,0.9562448859214783,Random + Adam + gated reuse,22,"(64, 1, 0.2)"
25,0.02653533500134945,0.024411629885435104,0.1562422154394743,0.0920407623052597,0.9566615223884583,Random + Adam + gated reuse,22,"(64, 1, 0.2)"
26,0.026193223252892493,0.023979458957910538,0.15485302372866516,0.09164910018444061,0.9574287533760071,Random + Adam + gated reuse,22,"(64, 1, 0.2)"
27,0.025940398079156875,0.023240694776177406,0.1524489907351879,0.08866406232118607,0.9587402939796448,Random + Adam + gated reuse,22,"(64, 1, 0.2)"
28,0.025709250074625014,0.02277710661292076,0.1509208620864616,0.0886821448802948,0.9595633149147034,Random + Adam + gated reuse,22,"(64, 1, 0.2)"
29,0.024701045882701875,0.022996434941887856,0.15164575477700606,0.08920031040906906,0.9591739773750305,Random + Adam + gated reuse,22,"(64, 1, 0.2)"
30,0.02483164782524109,0.024478821083903313,0.15645709023212503,0.0966322124004364,0.9565422534942627,Random + Adam + gated reuse,22,"(64, 1, 0.2)"
31,0.026004748465120794,0.022056955844163895,0.1485158437479446,0.08846858143806458,0.9608418345451355,Random + Adam + gated reuse,22,"(64, 1, 0.2)"
32,0.023908410288393498,0.02204892411828041,0.14848880132279474,0.0883835107088089,0.9608560800552368,Random + Adam + gated reuse,22,"(64, 1, 0.2)"
33,0.024217873764038087,0.021915853023529053,0.1480400385825708,0.08705506473779678,0.9610923528671265,Random + Adam + gated reuse,22,"(64, 1, 0.2)"
34,0.024014217296242715,0.02326158434152603,0.1525174886415523,0.09230222553014755,0.9587032198905945,Random + Adam + gated reuse,22,"(64, 1, 0.2)"
35,0.024923220738768577,0.021043047308921814,0.14506221875085812,0.08574209362268448,0.9626418352127075,Random + Adam + gated reuse,22,"(64, 1, 0.2)"
36,0.022833188033103944,0.02128448523581028,0.1458920328044348,0.08686253428459167,0.9622132182121277,Random + Adam + gated reuse,22,"(64, 1, 0.2)"
37,0.02329248390197754,0.020521532744169235,0.14325338650157363,0.08590534329414368,0.9635676741600037,Random + Adam + gated reuse,22,"(64, 1, 0.2)"
38,0.023791895419359207,0.02134045772254467,0.1460837353114462,0.0854649469256401,0.9621138572692871,Random + Adam + gated reuse,22,"(64, 1, 0.2)"
39,0.02251143891364336,0.02152731642127037,0.14672190164140583,0.08852202445268631,0.9617820978164673,Random + Adam + gated reuse,22,"(64, 1, 0.2)"
40,0.02223956700861454,0.020446743816137314,0.14299211102762738,0.08557067811489105,0.9637004733085632,Random + Adam + gated reuse,22,"(64, 1, 0.2)"
41,0.02169968023300171,0.02075580507516861,0.14406875120986026,0.086296446621418,0.9631518125534058,Random + Adam + gated reuse,22,"(64, 1, 0.2)"
42,0.022423710849881172,0.019898325204849243,0.14106142351773301,0.08416242897510529,0.9646741151809692,Random + Adam + gated reuse,22,"(64, 1, 0.2)"
43,0.021908302488923073,0.02023146115243435,0.14223734092155388,0.08418317884206772,0.964082658290863,Random + Adam + gated reuse,22,"(64, 1, 0.2)"
44,0.021657712987065314,0.02252434380352497,0.15008112407469826,0.09634687006473541,0.9600120782852173,Random + Adam + gated reuse,22,"(64, 1, 0.2)"
45,0.022008433693647383,0.019738944247364998,0.14049535311662445,0.08324281126260757,0.964957058429718,Random + Adam + gated reuse,22,"(64, 1, 0.2)"
46,0.021335643875598907,0.02051606774330139,0.14323431063576,0.0885377898812294,0.963577389717102,Random + Adam + gated reuse,22,"(64, 1, 0.2)"
47,0.021006408719718456,0.019294800236821175,0.13890572427665165,0.08279280364513397,0.9657455682754517,Random + Adam + gated reuse,22,"(64, 1, 0.2)"
48,0.02065839442014694,0.019549138844013214,0.1398182350196612,0.08354892581701279,0.9652940034866333,Random + Adam + gated reuse,22,"(64, 1, 0.2)"
49,0.020601981776952744,0.01929609104990959,0.13891037056285463,0.08281221240758896,0.9657432436943054,Random + Adam + gated reuse,22,"(64, 1, 0.2)"
50,0.02080187340527773,0.020313385874032974,0.14252503595520674,0.08490699529647827,0.9639372229576111,Random + Adam + gated reuse,22,"(64, 1, 0.2)"
1,0.5294866504430771,0.32749369740486145,0.5722706504835465,0.34841278195381165,0.4185936450958252,Q + SGD + gated reuse,22,"(32, 1, 0.2)"
2,0.2717493183135986,0.16651828587055206,0.40806652137923793,0.21695280075073242,0.7043766379356384,Q + SGD + gated reuse,22,"(32, 1, 0.2)"
3,0.13665138025283813,0.09262289106845856,0.304340091129083,0.15415890514850616,0.8355646729469299,Q + SGD + gated reuse,22,"(32, 1, 0.2)"
4,0.08572725954055786,0.07404015958309174,0.2721032149444246,0.15357857942581177,0.868554949760437,Q + SGD + gated reuse,22,"(32, 1, 0.2)"
5,0.06874214451909065,0.06017996370792389,0.24531604861468784,0.12177710235118866,0.8931612968444824,Q + SGD + gated reuse,22,"(32, 1, 0.2)"
6,0.05941323414444923,0.053236644715070724,0.23073067571320188,0.11515779048204422,0.9054878950119019,Q + SGD + gated reuse,22,"(32, 1, 0.2)"
7,0.053911168432235715,0.04794430360198021,0.21896187705164616,0.11276237666606903,0.9148834943771362,Q + SGD + gated reuse,22,"(32, 1, 0.2)"
8,0.050263496136665343,0.04444386437535286,0.21081713491875573,0.10892616957426071,0.9210978746414185,Q + SGD + gated reuse,22,"(32, 1, 0.2)"
9,0.04726059068441391,0.04342610016465187,0.20838929954451085,0.1062675267457962,0.9229047298431396,Q + SGD + gated reuse,22,"(32, 1, 0.2)"
10,0.044648858332633976,0.04171701520681381,0.20424743623069988,0.10429394245147705,0.9259389042854309,Q + SGD + gated reuse,22,"(32, 1, 0.2)"
11,0.042852035531401635,0.03883138298988342,0.19705680143015472,0.10171350836753845,0.931061863899231,Q + SGD + gated reuse,22,"(32, 1, 0.2)"
12,0.041161437013745306,0.03704942762851715,0.19248227873889365,0.09990198910236359,0.9342253804206848,Q + SGD + gated reuse,22,"(32, 1, 0.2)"
13,0.03984704924225807,0.037493012845516205,0.1936311257146335,0.10220406949520111,0.9334378838539124,Q + SGD + gated reuse,22,"(32, 1, 0.2)"
14,0.0385892774105072,0.0352182611823082,0.18766529029713566,0.09862719476222992,0.9374762773513794,Q + SGD + gated reuse,22,"(32, 1, 0.2)"
15,0.03720063066184521,0.03347582742571831,0.18296400582004732,0.09618797153234482,0.9405696988105774,Q + SGD + gated reuse,22,"(32, 1, 0.2)"
16,0.036352941870689395,0.03429339826107025,0.18518476789701213,0.10143394023180008,0.9391182065010071,Q + SGD + gated reuse,22,"(32, 1, 0.2)"
17,0.03615447483658791,0.032589491456747055,0.18052559778808946,0.09661982953548431,0.9421432018280029,Q + SGD + gated reuse,22,"(32, 1, 0.2)"
18,0.034694758901000024,0.031647562980651855,0.17789761937882095,0.09597265720367432,0.9438154101371765,Q + SGD + gated reuse,22,"(32, 1, 0.2)"
19,0.03394394744634628,0.031745947897434235,0.17817392597525103,0.1003413051366806,0.9436407685279846,Q + SGD + gated reuse,22,"(32, 1, 0.2)"
20,0.03397876322418451,0.030679965391755104,0.17515697357443438,0.09433381259441376,0.9455332159996033,Q + SGD + gated reuse,22,"(32, 1, 0.2)"
21,0.03320616694688797,0.03046242706477642,0.17453488781552076,0.09567993134260178,0.945919394493103,Q + SGD + gated reuse,22,"(32, 1, 0.2)"
22,0.032887961933016775,0.030157610774040222,0.17365946785027364,0.09494934231042862,0.9464605450630188,Q + SGD + gated reuse,22,"(32, 1, 0.2)"
23,0.032553703963756564,0.029482567682862282,0.17170488543679321,0.09326278418302536,0.9476590156555176,Q + SGD + gated reuse,22,"(32, 1, 0.2)"
24,0.032544765141606334,0.030195781961083412,0.17376933550279638,0.09830092638731003,0.9463927745819092,Q + SGD + gated reuse,22,"(32, 1, 0.2)"
25,0.03237747374475002,0.030660204589366913,0.17510055565122262,0.09795894473791122,0.945568323135376,Q + SGD + gated reuse,22,"(32, 1, 0.2)"
26,0.03213744463920593,0.02952081896364689,0.17181623603037896,0.09504444152116776,0.9475910663604736,Q + SGD + gated reuse,22,"(32, 1, 0.2)"
27,0.031871105743944646,0.02889660932123661,0.16999002712287745,0.09439444541931152,0.9486992359161377,Q + SGD + gated reuse,22,"(32, 1, 0.2)"
28,0.03160330131053925,0.029123039916157722,0.17065473892089175,0.09490850567817688,0.9482972621917725,Q + SGD + gated reuse,22,"(32, 1, 0.2)"
29,0.03135668601989746,0.028570886701345444,0.1690292480647815,0.09392088651657104,0.9492775201797485,Q + SGD + gated reuse,22,"(32, 1, 0.2)"
30,0.031080055606365203,0.029492562636733055,0.1717339880068388,0.09803232550621033,0.9476412534713745,Q + SGD + gated reuse,22,"(32, 1, 0.2)"
31,0.031148728156089784,0.028472954407334328,0.16873930901640652,0.09533606469631195,0.9494513869285583,Q + SGD + gated reuse,22,"(32, 1, 0.2)"
32,0.030673950280249117,0.028088457882404327,0.1675961153559483,0.09365352988243103,0.9501339793205261,Q + SGD + gated reuse,22,"(32, 1, 0.2)"
33,0.029967721092700957,0.027953479439020157,0.1671929407571389,0.09515872597694397,0.9503735899925232,Q + SGD + gated reuse,22,"(32, 1, 0.2)"
34,0.029942651629447935,0.027474386617541313,0.16575399427326423,0.09338289499282837,0.951224148273468,Q + SGD + gated reuse,22,"(32, 1, 0.2)"
35,0.029904649031162262,0.0271005742251873,0.1646225204071038,0.0930963009595871,0.9518877863883972,Q + SGD + gated reuse,22,"(32, 1, 0.2)"
36,0.029152630615234376,0.026913683861494064,0.16405390535276526,0.0926092267036438,0.9522196054458618,Q + SGD + gated reuse,22,"(32, 1, 0.2)"
37,0.02914806351363659,0.02677777037024498,0.16363914681470623,0.09462884813547134,0.9524608850479126,Q + SGD + gated reuse,22,"(32, 1, 0.2)"
38,0.028849838031828404,0.026117492467164993,0.16160907297291507,0.0919751450419426,0.9536330699920654,Q + SGD + gated reuse,22,"(32, 1, 0.2)"
39,0.02817906758338213,0.025703759863972664,0.16032392168348636,0.09107176214456558,0.9543675780296326,Q + SGD + gated reuse,22,"(32, 1, 0.2)"
40,0.028053283029794693,0.025500113144516945,0.1596875484955447,0.09184250980615616,0.9547291398048401,Q + SGD + gated reuse,22,"(32, 1, 0.2)"
41,0.02814583661556244,0.025566844269633293,0.15989635477281305,0.09239821881055832,0.9546106457710266,Q + SGD + gated reuse,22,"(32, 1, 0.2)"
42,0.028165775291621686,0.025909528136253357,0.16096436915122972,0.0933733880519867,0.9540022611618042,Q + SGD + gated reuse,22,"(32, 1, 0.2)"
43,0.0272741042137146,0.024734556674957275,0.1572722374577194,0.0908186137676239,0.9560882449150085,Q + SGD + gated reuse,22,"(32, 1, 0.2)"
44,0.0269477984637022,0.024213192984461784,0.15560588994142152,0.08930205553770065,0.9570138454437256,Q + SGD + gated reuse,22,"(32, 1, 0.2)"
45,0.026703886575996875,0.02439551055431366,0.1561906224916005,0.0908764898777008,0.9566901326179504,Q + SGD + gated reuse,22,"(32, 1, 0.2)"
46,0.02589540938138962,0.02384144812822342,0.15440676192519362,0.09113002568483353,0.9576737880706787,Q + SGD + gated reuse,22,"(32, 1, 0.2)"
47,0.02588042443692684,0.023250961676239967,0.1524826602477802,0.08914724737405777,0.9587221145629883,Q + SGD + gated reuse,22,"(32, 1, 0.2)"
48,0.025640746062994005,0.0229165181517601,0.1513820271754877,0.08857212960720062,0.959315836429596,Q + SGD + gated reuse,22,"(32, 1, 0.2)"
49,0.025507234720885754,0.023106448352336884,0.15200805357722624,0.08977280557155609,0.9589786529541016,Q + SGD + gated reuse,22,"(32, 1, 0.2)"
50,0.02540429385304451,0.023280609399080276,0.1525798459793438,0.0902884379029274,0.9586694240570068,Q + SGD + gated reuse,22,"(32, 1, 0.2)"
1,0.38663563921451566,0.14958994090557098,0.38676858831292255,0.21012699604034424,0.7344298958778381,Q + Adam + cold start,22,"(128, 1, 0.4)"
2,0.11392297266721725,0.09135779738426208,0.30225452417501064,0.19198313355445862,0.8378106355667114,Q + Adam + cold start,22,"(128, 1, 0.4)"
3,0.07189512699842453,0.05630207434296608,0.23728058147047365,0.12323682010173798,0.9000457525253296,Q + Adam + cold start,22,"(128, 1, 0.4)"
4,0.05713995590209961,0.08064624667167664,0.2839828281281751,0.2226152867078781,0.8568270206451416,Q + Adam + cold start,22,"(128, 1, 0.4)"
5,0.05635332198143005,0.04700464755296707,0.21680555240345453,0.12852391600608826,0.9165517091751099,Q + Adam + cold start,22,"(128, 1, 0.4)"
6,0.04660273980498314,0.0438750684261322,0.20946376399304056,0.12163666635751724,0.9221076965332031,Q + Adam + cold start,22,"(128, 1, 0.4)"
7,0.043894310423731805,0.0386282280087471,0.19654065230569248,0.1040707528591156,0.9314225316047668,Q + Adam + cold start,22,"(128, 1, 0.4)"
8,0.0405154129743576,0.03620437905192375,0.19027448344936781,0.1009724885225296,0.9357256293296814,Q + Adam + cold start,22,"(128, 1, 0.4)"
9,0.03849437819123268,0.054835643619298935,0.2341701168366684,0.1781362146139145,0.9026491641998291,Q + Adam + cold start,22,"(128, 1, 0.4)"
10,0.039088964414596555,0.03577050939202309,0.18913093187530983,0.11402923613786697,0.9364959001541138,Q + Adam + cold start,22,"(128, 1, 0.4)"
11,0.0341797790825367,0.030653730034828186,0.17508206657116024,0.09512946754693985,0.9455798268318176,Q + Adam + cold start,22,"(128, 1, 0.4)"
12,0.03182627105712891,0.030298739671707153,0.1740653316192146,0.10038595646619797,0.9462100267410278,Q + Adam + cold start,22,"(128, 1, 0.4)"
13,0.03130895864367485,0.02890060655772686,0.1700017839839537,0.09442529082298279,0.9486921429634094,Q + Adam + cold start,22,"(128, 1, 0.4)"
14,0.02996608122587204,0.027852993458509445,0.16689216116555458,0.09391551464796066,0.9505519866943359,Q + Adam + cold start,22,"(128, 1, 0.4)"
15,0.029316299745440484,0.028046542778611183,0.16747102071287195,0.09748343378305435,0.9502083659172058,Q + Adam + cold start,22,"(128, 1, 0.4)"
16,0.02897789391875267,0.035994768142700195,0.18972287195459644,0.12992919981479645,0.9360977411270142,Q + Adam + cold start,22,"(128, 1, 0.4)"
17,0.029814052826166153,0.02559547685086727,0.15998586453454966,0.09347707778215408,0.9545598030090332,Q + Adam + cold start,22,"(128, 1, 0.4)"
18,0.02772121965587139,0.024861643090844154,0.15767575302133222,0.0912105068564415,0.9558625817298889,Q + Adam + cold start,22,"(128, 1, 0.4)"
19,0.027085822534561158,0.024368930608034134,0.15610551113921037,0.0912044495344162,0.9567373394966125,Q + Adam + cold start,22,"(128, 1, 0.4)"
20,0.026969020806252957,0.028315469622612,0.16827201081169738,0.1133129894733429,0.9497309923171997,Q + Adam + cold start,22,"(128, 1, 0.4)"
21,0.02559229801595211,0.025749895721673965,0.16046774043923584,0.10330783575773239,0.9542856812477112,Q + Adam + cold start,22,"(128, 1, 0.4)"
22,0.026002605912089347,0.022157376632094383,0.14885354087859107,0.08824487030506134,0.9606635570526123,Q + Adam + cold start,22,"(128, 1, 0.4)"
23,0.024677924838662147,0.022352933883666992,0.14950897593009924,0.08903439342975616,0.9603163599967957,Q + Adam + cold start,22,"(128, 1, 0.4)"
24,0.02457669424712658,0.022076819092035294,0.1485827011870335,0.0899863988161087,0.9608065485954285,Q + Adam + cold start,22,"(128, 1, 0.4)"
25,0.023757386842370033,0.021718790754675865,0.14737296480248968,0.08820085227489471,0.9614421725273132,Q + Adam + cold start,22,"(128, 1, 0.4)"
26,0.024108028450608252,0.021734509617090225,0.14742628536692576,0.08832237869501114,0.9614142775535583,Q + Adam + cold start,22,"(128, 1, 0.4)"
27,0.023214995330572127,0.021529583260416985,0.1467296263895502,0.0881693884730339,0.9617781043052673,Q + Adam + cold start,22,"(128, 1, 0.4)"
28,0.022991408517956734,0.02140207216143608,0.14629447071381776,0.09031715989112854,0.9620044827461243,Q + Adam + cold start,22,"(128, 1, 0.4)"
29,0.0227336355805397,0.02065126784145832,0.14370548994891713,0.08656100183725357,0.9633373618125916,Q + Adam + cold start,22,"(128, 1, 0.4)"
30,0.0234791669011116,0.022501403465867043,0.15000467814660662,0.09214229881763458,0.9600527882575989,Q + Adam + cold start,22,"(128, 1, 0.4)"
31,0.023691730764508246,0.02109348401427269,0.1452359597836317,0.09070532023906708,0.9625523090362549,Q + Adam + cold start,22,"(128, 1, 0.4)"
32,0.0218176167011261,0.02024657092988491,0.1422904456732247,0.08685333281755447,0.9640558362007141,Q + Adam + cold start,22,"(128, 1, 0.4)"
33,0.022133669245243074,0.021237460896372795,0.14573078225403444,0.09008794277906418,0.962296724319458,Q + Adam + cold start,22,"(128, 1, 0.4)"
34,0.021883653543889523,0.021574586629867554,0.14688290108064844,0.08984247595071793,0.9616981744766235,Q + Adam + cold start,22,"(128, 1, 0.4)"
35,0.022576387606561183,0.020939797163009644,0.1447058988535355,0.09004020690917969,0.9628251194953918,Q + Adam + cold start,22,"(128, 1, 0.4)"
36,0.021558114612102507,0.020637305453419685,0.14365690186489366,0.08931493759155273,0.9633621573448181,Q + Adam + cold start,22,"(128, 1, 0.4)"
37,0.021269233456254005,0.01949312724173069,0.13961778984689124,0.08513281494379044,0.9653934240341187,Q + Adam + cold start,22,"(128, 1, 0.4)"
38,0.021809486384689807,0.019844429567456245,0.14087025792358104,0.08447342365980148,0.9647697806358337,Q + Adam + cold start,22,"(128, 1, 0.4)"
39,0.020715833593904973,0.020991452038288116,0.14488427119010577,0.0864560455083847,0.9627334475517273,Q + Adam + cold start,22,"(128, 1, 0.4)"
40,0.020600863057374953,0.019943945109844208,0.1412230332128729,0.08684415370225906,0.9645931124687195,Q + Adam + cold start,22,"(128, 1, 0.4)"
41,0.02067715277671814,0.019571704789996147,0.13989890918086584,0.08341211080551147,0.9652539491653442,Q + Adam + cold start,22,"(128, 1, 0.4)"
42,0.020547420574724674,0.019222954288125038,0.1386468690166678,0.08494168519973755,0.965873122215271,Q + Adam + cold start,22,"(128, 1, 0.4)"
43,0.02046833962202072,0.020092707127332687,0.1417487464753487,0.08363253623247147,0.9643290042877197,Q + Adam + cold start,22,"(128, 1, 0.4)"
44,0.019698323333263396,0.02176928147673607,0.14754416788452218,0.09720069915056229,0.961352527141571,Q + Adam + cold start,22,"(128, 1, 0.4)"
45,0.019909172955155374,0.019217047840356827,0.1386255670515249,0.08064835518598557,0.9658835530281067,Q + Adam + cold start,22,"(128, 1, 0.4)"
46,0.02006136936992407,0.018646635115146637,0.1365526825629824,0.08284948021173477,0.9668962359428406,Q + Adam + cold start,22,"(128, 1, 0.4)"
47,0.019201891177892685,0.018135210499167442,0.1346670356812217,0.07991641759872437,0.9678041934967041,Q + Adam + cold start,22,"(128, 1, 0.4)"
48,0.01899684463441372,0.018191054463386536,0.13487421719285914,0.0814107283949852,0.9677050709724426,Q + Adam + cold start,22,"(128, 1, 0.4)"
49,0.019359027060866354,0.01910180039703846,0.1382092630652463,0.08483877032995224,0.9660881757736206,Q + Adam + cold start,22,"(128, 1, 0.4)"
50,0.01906933872848749,0.018989617004990578,0.13780281929260582,0.08300073444843292,0.9662873148918152,Q + Adam + cold start,22,"(128, 1, 0.4)"
1,0.38663563921451566,0.14958994090557098,0.38676858831292255,0.21012699604034424,0.7344298958778381,Q + Adam + direct reuse,22,"(128, 1, 0.4)"
2,0.11392297266721725,0.09135779738426208,0.30225452417501064,0.19198313355445862,0.8378106355667114,Q + Adam + direct reuse,22,"(128, 1, 0.4)"
3,0.07189512699842453,0.05630207434296608,0.23728058147047365,0.12323682010173798,0.9000457525253296,Q + Adam + direct reuse,22,"(128, 1, 0.4)"
4,0.05713995590209961,0.08064624667167664,0.2839828281281751,0.2226152867078781,0.8568270206451416,Q + Adam + direct reuse,22,"(128, 1, 0.4)"
5,0.05635332198143005,0.04700464755296707,0.21680555240345453,0.12852391600608826,0.9165517091751099,Q + Adam + direct reuse,22,"(128, 1, 0.4)"
6,0.04660273980498314,0.0438750684261322,0.20946376399304056,0.12163666635751724,0.9221076965332031,Q + Adam + direct reuse,22,"(128, 1, 0.4)"
7,0.043894310423731805,0.0386282280087471,0.19654065230569248,0.1040707528591156,0.9314225316047668,Q + Adam + direct reuse,22,"(128, 1, 0.4)"
8,0.0405154129743576,0.03620437905192375,0.19027448344936781,0.1009724885225296,0.9357256293296814,Q + Adam + direct reuse,22,"(128, 1, 0.4)"
9,0.03849437819123268,0.054835643619298935,0.2341701168366684,0.1781362146139145,0.9026491641998291,Q + Adam + direct reuse,22,"(128, 1, 0.4)"
10,0.039088964414596555,0.03577050939202309,0.18913093187530983,0.11402923613786697,0.9364959001541138,Q + Adam + direct reuse,22,"(128, 1, 0.4)"
11,0.0341797790825367,0.030653730034828186,0.17508206657116024,0.09512946754693985,0.9455798268318176,Q + Adam + direct reuse,22,"(128, 1, 0.4)"
12,0.03182627105712891,0.030298739671707153,0.1740653316192146,0.10038595646619797,0.9462100267410278,Q + Adam + direct reuse,22,"(128, 1, 0.4)"
13,0.03130895864367485,0.02890060655772686,0.1700017839839537,0.09442529082298279,0.9486921429634094,Q + Adam + direct reuse,22,"(128, 1, 0.4)"
14,0.02996608122587204,0.027852993458509445,0.16689216116555458,0.09391551464796066,0.9505519866943359,Q + Adam + direct reuse,22,"(128, 1, 0.4)"
15,0.029316299745440484,0.028046542778611183,0.16747102071287195,0.09748343378305435,0.9502083659172058,Q + Adam + direct reuse,22,"(128, 1, 0.4)"
16,0.02897789391875267,0.035994768142700195,0.18972287195459644,0.12992919981479645,0.9360977411270142,Q + Adam + direct reuse,22,"(128, 1, 0.4)"
17,0.029814052826166153,0.02559547685086727,0.15998586453454966,0.09347707778215408,0.9545598030090332,Q + Adam + direct reuse,22,"(128, 1, 0.4)"
18,0.02772121965587139,0.024861643090844154,0.15767575302133222,0.0912105068564415,0.9558625817298889,Q + Adam + direct reuse,22,"(128, 1, 0.4)"
19,0.027085822534561158,0.024368930608034134,0.15610551113921037,0.0912044495344162,0.9567373394966125,Q + Adam + direct reuse,22,"(128, 1, 0.4)"
20,0.026969020806252957,0.028315469622612,0.16827201081169738,0.1133129894733429,0.9497309923171997,Q + Adam + direct reuse,22,"(128, 1, 0.4)"
21,0.02559229801595211,0.025749895721673965,0.16046774043923584,0.10330783575773239,0.9542856812477112,Q + Adam + direct reuse,22,"(128, 1, 0.4)"
22,0.026002605912089347,0.022157376632094383,0.14885354087859107,0.08824487030506134,0.9606635570526123,Q + Adam + direct reuse,22,"(128, 1, 0.4)"
23,0.024677924838662147,0.022352933883666992,0.14950897593009924,0.08903439342975616,0.9603163599967957,Q + Adam + direct reuse,22,"(128, 1, 0.4)"
24,0.02457669424712658,0.022076819092035294,0.1485827011870335,0.0899863988161087,0.9608065485954285,Q + Adam + direct reuse,22,"(128, 1, 0.4)"
25,0.023757386842370033,0.021718790754675865,0.14737296480248968,0.08820085227489471,0.9614421725273132,Q + Adam + direct reuse,22,"(128, 1, 0.4)"
26,0.024108028450608252,0.021734509617090225,0.14742628536692576,0.08832237869501114,0.9614142775535583,Q + Adam + direct reuse,22,"(128, 1, 0.4)"
27,0.023214995330572127,0.021529583260416985,0.1467296263895502,0.0881693884730339,0.9617781043052673,Q + Adam + direct reuse,22,"(128, 1, 0.4)"
28,0.022991408517956734,0.02140207216143608,0.14629447071381776,0.09031715989112854,0.9620044827461243,Q + Adam + direct reuse,22,"(128, 1, 0.4)"
29,0.0227336355805397,0.02065126784145832,0.14370548994891713,0.08656100183725357,0.9633373618125916,Q + Adam + direct reuse,22,"(128, 1, 0.4)"
30,0.0234791669011116,0.022501403465867043,0.15000467814660662,0.09214229881763458,0.9600527882575989,Q + Adam + direct reuse,22,"(128, 1, 0.4)"
31,0.023691730764508246,0.02109348401427269,0.1452359597836317,0.09070532023906708,0.9625523090362549,Q + Adam + direct reuse,22,"(128, 1, 0.4)"
32,0.0218176167011261,0.02024657092988491,0.1422904456732247,0.08685333281755447,0.9640558362007141,Q + Adam + direct reuse,22,"(128, 1, 0.4)"
33,0.022133669245243074,0.021237460896372795,0.14573078225403444,0.09008794277906418,0.962296724319458,Q + Adam + direct reuse,22,"(128, 1, 0.4)"
34,0.021883653543889523,0.021574586629867554,0.14688290108064844,0.08984247595071793,0.9616981744766235,Q + Adam + direct reuse,22,"(128, 1, 0.4)"
35,0.022576387606561183,0.020939797163009644,0.1447058988535355,0.09004020690917969,0.9628251194953918,Q + Adam + direct reuse,22,"(128, 1, 0.4)"
36,0.021558114612102507,0.020637305453419685,0.14365690186489366,0.08931493759155273,0.9633621573448181,Q + Adam + direct reuse,22,"(128, 1, 0.4)"
37,0.021269233456254005,0.01949312724173069,0.13961778984689124,0.08513281494379044,0.9653934240341187,Q + Adam + direct reuse,22,"(128, 1, 0.4)"
38,0.021809486384689807,0.019844429567456245,0.14087025792358104,0.08447342365980148,0.9647697806358337,Q + Adam + direct reuse,22,"(128, 1, 0.4)"
39,0.020715833593904973,0.020991452038288116,0.14488427119010577,0.0864560455083847,0.9627334475517273,Q + Adam + direct reuse,22,"(128, 1, 0.4)"
40,0.020600863057374953,0.019943945109844208,0.1412230332128729,0.08684415370225906,0.9645931124687195,Q + Adam + direct reuse,22,"(128, 1, 0.4)"
41,0.02067715277671814,0.019571704789996147,0.13989890918086584,0.08341211080551147,0.9652539491653442,Q + Adam + direct reuse,22,"(128, 1, 0.4)"
42,0.020547420574724674,0.019222954288125038,0.1386468690166678,0.08494168519973755,0.965873122215271,Q + Adam + direct reuse,22,"(128, 1, 0.4)"
43,0.02046833962202072,0.020092707127332687,0.1417487464753487,0.08363253623247147,0.9643290042877197,Q + Adam + direct reuse,22,"(128, 1, 0.4)"
44,0.019698323333263396,0.02176928147673607,0.14754416788452218,0.09720069915056229,0.961352527141571,Q + Adam + direct reuse,22,"(128, 1, 0.4)"
45,0.019909172955155374,0.019217047840356827,0.1386255670515249,0.08064835518598557,0.9658835530281067,Q + Adam + direct reuse,22,"(128, 1, 0.4)"
46,0.02006136936992407,0.018646635115146637,0.1365526825629824,0.08284948021173477,0.9668962359428406,Q + Adam + direct reuse,22,"(128, 1, 0.4)"
47,0.019201891177892685,0.018135210499167442,0.1346670356812217,0.07991641759872437,0.9678041934967041,Q + Adam + direct reuse,22,"(128, 1, 0.4)"
48,0.01899684463441372,0.018191054463386536,0.13487421719285914,0.0814107283949852,0.9677050709724426,Q + Adam + direct reuse,22,"(128, 1, 0.4)"
49,0.019359027060866354,0.01910180039703846,0.1382092630652463,0.08483877032995224,0.9660881757736206,Q + Adam + direct reuse,22,"(128, 1, 0.4)"
50,0.01906933872848749,0.018989617004990578,0.13780281929260582,0.08300073444843292,0.9662873148918152,Q + Adam + direct reuse,22,"(128, 1, 0.4)"
1,0.4476575106620789,0.24171172082424164,0.4916418623594228,0.26961371302604675,0.5982874631881714,Q + Adam + gated reuse,33,"(64, 1, 0.2)"
2,0.15779369859695436,0.10631991922855377,0.32606735382211105,0.2072632610797882,0.8233017325401306,Q + Adam + gated reuse,33,"(64, 1, 0.2)"
3,0.08725804504156112,0.062019843608140945,0.24903783569598606,0.12993362545967102,0.8969261646270752,Q + Adam + gated reuse,33,"(64, 1, 0.2)"
4,0.06623080551624298,0.05385654419660568,0.2320701277558266,0.13124173879623413,0.9104931950569153,Q + Adam + gated reuse,33,"(64, 1, 0.2)"
5,0.05803788581490517,0.04675587639212608,0.21623107175456094,0.11450185626745224,0.9222941398620605,Q + Adam + gated reuse,33,"(64, 1, 0.2)"
6,0.05223625602722168,0.043302953243255615,0.20809361653653774,0.11263412982225418,0.9280326962471008,Q + Adam + gated reuse,33,"(64, 1, 0.2)"
7,0.04906068469583988,0.04193205013871193,0.20477316752619698,0.1143656000494957,0.9303110837936401,Q + Adam + gated reuse,33,"(64, 1, 0.2)"
8,0.044955521807074544,0.038120925426483154,0.1952458077052697,0.10224944353103638,0.936644971370697,Q + Adam + gated reuse,33,"(64, 1, 0.2)"
9,0.04213438244462013,0.03677161782979965,0.1917592705185323,0.10124040395021439,0.9388874769210815,Q + Adam + gated reuse,33,"(64, 1, 0.2)"
10,0.0397685714006424,0.03786345198750496,0.19458533343370193,0.1128072738647461,0.9370728731155396,Q + Adam + gated reuse,33,"(64, 1, 0.2)"
11,0.038515351176261904,0.033182669430971146,0.18216110844790978,0.09625434875488281,0.9448521137237549,Q + Adam + gated reuse,33,"(64, 1, 0.2)"
12,0.03610916160941124,0.03192567825317383,0.17867758184275337,0.09612981975078583,0.9469411373138428,Q + Adam + gated reuse,33,"(64, 1, 0.2)"
13,0.034698621898889545,0.031653039157390594,0.1779130100846776,0.09862422943115234,0.9473942518234253,Q + Adam + gated reuse,33,"(64, 1, 0.2)"
14,0.03310152838230133,0.03073308803141117,0.17530855093637382,0.09703034907579422,0.9489231705665588,Q + Adam + gated reuse,33,"(64, 1, 0.2)"
15,0.0345331573292613,0.029707714915275574,0.17235926118220504,0.0933244526386261,0.950627326965332,Q + Adam + gated reuse,33,"(64, 1, 0.2)"
16,0.03171744409203529,0.030019883066415787,0.17326246871846132,0.0953676626086235,0.9501084685325623,Q + Adam + gated reuse,33,"(64, 1, 0.2)"
17,0.031614661394059655,0.028453612700104713,0.1686819868868775,0.092951700091362,0.9527115225791931,Q + Adam + gated reuse,33,"(64, 1, 0.2)"
18,0.030321455785632133,0.028521884232759476,0.1688842332272598,0.0945512056350708,0.9525980949401855,Q + Adam + gated reuse,33,"(64, 1, 0.2)"
19,0.030095802083611487,0.029448257759213448,0.17160494677955368,0.09985554963350296,0.9510585069656372,Q + Adam + gated reuse,33,"(64, 1, 0.2)"
20,0.029860878126323223,0.027465572580695152,0.16572740443479814,0.09307835251092911,0.9543536305427551,Q + Adam + gated reuse,33,"(64, 1, 0.2)"
21,0.029361211043596267,0.026845013722777367,0.1638444802938975,0.09185939282178879,0.9553849697113037,Q + Adam + gated reuse,33,"(64, 1, 0.2)"
22,0.028919721013307573,0.02668572962284088,0.16335767390251638,0.09254798293113708,0.9556496739387512,Q + Adam + gated reuse,33,"(64, 1, 0.2)"
23,0.028725403800606727,0.026389965787529945,0.16244988700374632,0.09329643845558167,0.9561412334442139,Q + Adam + gated reuse,33,"(64, 1, 0.2)"
24,0.028746755366027357,0.026149529963731766,0.16170816294711832,0.09231460839509964,0.9565408229827881,Q + Adam + gated reuse,33,"(64, 1, 0.2)"
25,0.02794195507466793,0.026231711730360985,0.1619620688011887,0.09471828490495682,0.9564042091369629,Q + Adam + gated reuse,33,"(64, 1, 0.2)"
26,0.027688857324421407,0.024606848135590553,0.15686570095336505,0.09014295041561127,0.9591046571731567,Q + Adam + gated reuse,33,"(64, 1, 0.2)"
27,0.027912021201848984,0.02524830959737301,0.15889716673802906,0.09624739736318588,0.9580386281013489,Q + Adam + gated reuse,33,"(64, 1, 0.2)"
28,0.02715888171643019,0.024331051856279373,0.1559841397587568,0.09416013211011887,0.9595630168914795,Q + Adam + gated reuse,33,"(64, 1, 0.2)"
29,0.026288197685778142,0.023469073697924614,0.15319619348379585,0.08710804581642151,0.960995614528656,Q + Adam + gated reuse,33,"(64, 1, 0.2)"
30,0.026268297028541564,0.023361971601843834,0.15284623515757212,0.0898246243596077,0.9611735939979553,Q + Adam + gated reuse,33,"(64, 1, 0.2)"
31,0.03163257647454738,0.02411809377372265,0.15530001214978267,0.09260079264640808,0.9599169492721558,Q + Adam + gated reuse,33,"(64, 1, 0.2)"
32,0.026215789666771887,0.022292744368314743,0.14930754960253934,0.08997419476509094,0.962950587272644,Q + Adam + gated reuse,33,"(64, 1, 0.2)"
33,0.025456466096639634,0.02130863256752491,0.14597476688635236,0.0869138091802597,0.9645861387252808,Q + Adam + gated reuse,33,"(64, 1, 0.2)"
34,0.02517899372577667,0.022227423265576363,0.14908864230911878,0.08834494650363922,0.9630591869354248,Q + Adam + gated reuse,33,"(64, 1, 0.2)"
35,0.026957673671841622,0.02212749421596527,0.14875313178540234,0.08751477301120758,0.963225245475769,Q + Adam + gated reuse,33,"(64, 1, 0.2)"
36,0.024725566723942757,0.021343639120459557,0.14609462385885238,0.08630168437957764,0.96452796459198,Q + Adam + gated reuse,33,"(64, 1, 0.2)"
37,0.02438964757323265,0.021629204973578453,0.1470687083426602,0.08590202778577805,0.9640533924102783,Q + Adam + gated reuse,33,"(64, 1, 0.2)"
38,0.023897096461057664,0.02447524666786194,0.15644566682353953,0.10104403644800186,0.9593234062194824,Q + Adam + gated reuse,33,"(64, 1, 0.2)"
1,0.5709845539093018,0.3942793011665344,0.6279166355230082,0.3792674243450165,0.34472793340682983,Random + Adam + gated reuse,33,"(32, 1, 0.4)"
2,0.3148186875343323,0.20527856051921844,0.45307677110972977,0.23164355754852295,0.6588375568389893,Random + Adam + gated reuse,33,"(32, 1, 0.4)"
3,0.16446367062330247,0.11426689475774765,0.3380338662881985,0.17276206612586975,0.8100942373275757,Random + Adam + gated reuse,33,"(32, 1, 0.4)"
4,0.10472058333158493,0.08339688926935196,0.28878519572400513,0.1458248645067215,0.8613986372947693,Random + Adam + gated reuse,33,"(32, 1, 0.4)"
5,0.08410631711483002,0.06986720114946365,0.2643240457269517,0.13820521533489227,0.8838843107223511,Random + Adam + gated reuse,33,"(32, 1, 0.4)"
6,0.07169425644874573,0.05916347727179527,0.24323543588834928,0.12331628054380417,0.9016733169555664,Random + Adam + gated reuse,33,"(32, 1, 0.4)"
7,0.06398240926563739,0.05425417050719261,0.23292524660755995,0.12568829953670502,0.9098323583602905,Random + Adam + gated reuse,33,"(32, 1, 0.4)"
8,0.057602946025133134,0.0487964041531086,0.22089908137678751,0.11902616918087006,0.9189028739929199,Random + Adam + gated reuse,33,"(32, 1, 0.4)"
9,0.05269789406955242,0.04422793537378311,0.21030438743350818,0.10876396298408508,0.9264954328536987,Random + Adam + gated reuse,33,"(32, 1, 0.4)"
10,0.04887109881639481,0.04089311510324478,0.20222046163344792,0.10346470028162003,0.9320377111434937,Random + Adam + gated reuse,33,"(32, 1, 0.4)"
11,0.04573625603318215,0.03902687877416611,0.19755221784167878,0.10169204324483871,0.9351392984390259,Random + Adam + gated reuse,33,"(32, 1, 0.4)"
12,0.04328939658403397,0.037767451256513596,0.19433849658910504,0.10242175310850143,0.9372324347496033,Random + Adam + gated reuse,33,"(32, 1, 0.4)"
13,0.041157831239700314,0.03653213381767273,0.19113381128851256,0.09941406548023224,0.9392854571342468,Random + Adam + gated reuse,33,"(32, 1, 0.4)"
14,0.039590729737281796,0.037003327161073685,0.19236248896568603,0.10720715671777725,0.9385023713111877,Random + Adam + gated reuse,33,"(32, 1, 0.4)"
15,0.04139909167140722,0.034737590700387955,0.18638023151715408,0.09792903065681458,0.942267894744873,Random + Adam + gated reuse,33,"(32, 1, 0.4)"
16,0.03712310747504234,0.03353751823306084,0.18313251549918938,0.09481467306613922,0.9442623853683472,Random + Adam + gated reuse,33,"(32, 1, 0.4)"
17,0.035980621062219144,0.032579708844423294,0.18049850094785633,0.09435538202524185,0.9458541870117188,Random + Adam + gated reuse,33,"(32, 1, 0.4)"
18,0.03486314037442207,0.03181743621826172,0.17837442702994652,0.09363549947738647,0.9471210241317749,Random + Adam + gated reuse,33,"(32, 1, 0.4)"
19,0.03397492097914219,0.03142159432172775,0.17726137289812396,0.09362396597862244,0.9477789402008057,Random + Adam + gated reuse,33,"(32, 1, 0.4)"
20,0.03330182788223028,0.030720001086592674,0.1752712215013996,0.09354834258556366,0.9489449262619019,Random + Adam + gated reuse,33,"(32, 1, 0.4)"
21,0.03266692823767662,0.030152983963489532,0.17364614583540153,0.09320225566625595,0.9498872756958008,Random + Adam + gated reuse,33,"(32, 1, 0.4)"
22,0.03190958309173584,0.02970575913786888,0.17235358753988522,0.09250541776418686,0.9506305456161499,Random + Adam + gated reuse,33,"(32, 1, 0.4)"
23,0.03147439956963062,0.029465045779943466,0.17165385454438087,0.09274142980575562,0.9510306119918823,Random + Adam + gated reuse,33,"(32, 1, 0.4)"
24,0.03119005486816168,0.02959773875772953,0.1720399336134769,0.09344258159399033,0.9508100748062134,Random + Adam + gated reuse,33,"(32, 1, 0.4)"
25,0.030780189850926398,0.029324041679501534,0.17124263978198168,0.09530060738325119,0.9512649178504944,Random + Adam + gated reuse,33,"(32, 1, 0.4)"
26,0.030813788411021233,0.028830938041210175,0.16979675509623313,0.09396157413721085,0.9520844221115112,Random + Adam + gated reuse,33,"(32, 1, 0.4)"
27,0.03082062714099884,0.029179647564888,0.17082051271696852,0.09529388695955276,0.9515049457550049,Random + Adam + gated reuse,33,"(32, 1, 0.4)"
28,0.030649707047641278,0.030597632750868797,0.17492179038321326,0.10330984741449356,0.9491482973098755,Random + Adam + gated reuse,33,"(32, 1, 0.4)"
29,0.030631151823699476,0.028693469241261482,0.1693914674393651,0.09313182532787323,0.9523129463195801,Random + Adam + gated reuse,33,"(32, 1, 0.4)"
30,0.02989284498691559,0.028892938047647476,0.1699792282828919,0.09346970170736313,0.9519814252853394,Random + Adam + gated reuse,33,"(32, 1, 0.4)"
31,0.03236234314441681,0.02850801683962345,0.16884317232160573,0.09325722604990005,0.9526211023330688,Random + Adam + gated reuse,33,"(32, 1, 0.4)"
32,0.030057393660396337,0.02780148573219776,0.16673777536058756,0.09211817383766174,0.9537953734397888,Random + Adam + gated reuse,33,"(32, 1, 0.4)"
33,0.02949680362045765,0.02752506360411644,0.1659067919167761,0.09192781895399094,0.9542547464370728,Random + Adam + gated reuse,33,"(32, 1, 0.4)"
34,0.02946417148709297,0.027861807495355606,0.1669185654603933,0.0934787467122078,0.9536951184272766,Random + Adam + gated reuse,33,"(32, 1, 0.4)"
35,0.029234719336032867,0.02775123342871666,0.16658701458612152,0.09481252729892731,0.9538788795471191,Random + Adam + gated reuse,33,"(32, 1, 0.4)"
36,0.02923630556166172,0.02743837982416153,0.1656453435028028,0.09282494336366653,0.9543988108634949,Random + Adam + gated reuse,33,"(32, 1, 0.4)"
37,0.02915015856772661,0.02702941931784153,0.164406263012823,0.09196323156356812,0.9550784826278687,Random + Adam + gated reuse,33,"(32, 1, 0.4)"
38,0.029048775571584702,0.02897108718752861,0.17020895154934892,0.10249374806880951,0.9518515467643738,Random + Adam + gated reuse,33,"(32, 1, 0.4)"
39,0.02890023759007454,0.02716945856809616,0.16483160670240452,0.09370657801628113,0.9548457264900208,Random + Adam + gated reuse,33,"(32, 1, 0.4)"
40,0.028838837495446204,0.026609331369400024,0.16312366894292202,0.0922897607088089,0.9557766318321228,Random + Adam + gated reuse,33,"(32, 1, 0.4)"
41,0.028472984620928763,0.026984307914972305,0.16426901081753767,0.09479761868715286,0.9551534652709961,Random + Adam + gated reuse,33,"(32, 1, 0.4)"
42,0.028317330569028853,0.02630762569606304,0.1621962567264209,0.09157004952430725,0.9562780857086182,Random + Adam + gated reuse,33,"(32, 1, 0.4)"
43,0.028455032090842724,0.026969196274876595,0.16422300775127885,0.09682928770780563,0.9551785588264465,Random + Adam + gated reuse,33,"(32, 1, 0.4)"
44,0.02815500729382038,0.02590997703373432,0.16096576354534003,0.0907965749502182,0.9569389224052429,Random + Adam + gated reuse,33,"(32, 1, 0.4)"
45,0.02787746946364641,0.02606777288019657,0.16145517297440976,0.09302397817373276,0.956676721572876,Random + Adam + gated reuse,33,"(32, 1, 0.4)"
46,0.02815520017147064,0.02562723122537136,0.16008507496131974,0.09186927229166031,0.9574088454246521,Random + Adam + gated reuse,33,"(32, 1, 0.4)"
47,0.02792967931032181,0.027612360194325447,0.16616967290792098,0.09177945554256439,0.9541096687316895,Random + Adam + gated reuse,33,"(32, 1, 0.4)"
48,0.02854350169301033,0.026458239182829857,0.16265988805735068,0.09701540321111679,0.9560277462005615,Random + Adam + gated reuse,33,"(32, 1, 0.4)"
49,0.027990275073051452,0.025817278772592545,0.16067756150935494,0.09253569692373276,0.9570930004119873,Random + Adam + gated reuse,33,"(32, 1, 0.4)"
50,0.02742231739461422,0.025761663913726807,0.16050440465522062,0.09278992563486099,0.9571854472160339,Random + Adam + gated reuse,33,"(32, 1, 0.4)"
1,0.4476575106620789,0.24171172082424164,0.4916418623594228,0.26961371302604675,0.5982874631881714,Q + SGD + gated reuse,33,"(64, 1, 0.2)"
2,0.15779369859695436,0.10631991922855377,0.32606735382211105,0.2072632610797882,0.8233017325401306,Q + SGD + gated reuse,33,"(64, 1, 0.2)"
3,0.08725804504156112,0.062019843608140945,0.24903783569598606,0.12993362545967102,0.8969261646270752,Q + SGD + gated reuse,33,"(64, 1, 0.2)"
4,0.06623080551624298,0.05385654419660568,0.2320701277558266,0.13124173879623413,0.9104931950569153,Q + SGD + gated reuse,33,"(64, 1, 0.2)"
5,0.05803788581490517,0.04675587639212608,0.21623107175456094,0.11450185626745224,0.9222941398620605,Q + SGD + gated reuse,33,"(64, 1, 0.2)"
6,0.05223625602722168,0.043302953243255615,0.20809361653653774,0.11263412982225418,0.9280326962471008,Q + SGD + gated reuse,33,"(64, 1, 0.2)"
7,0.04906068469583988,0.04193205013871193,0.20477316752619698,0.1143656000494957,0.9303110837936401,Q + SGD + gated reuse,33,"(64, 1, 0.2)"
8,0.044955521807074544,0.038120925426483154,0.1952458077052697,0.10224944353103638,0.936644971370697,Q + SGD + gated reuse,33,"(64, 1, 0.2)"
9,0.04213438244462013,0.03677161782979965,0.1917592705185323,0.10124040395021439,0.9388874769210815,Q + SGD + gated reuse,33,"(64, 1, 0.2)"
10,0.0397685714006424,0.03786345198750496,0.19458533343370193,0.1128072738647461,0.9370728731155396,Q + SGD + gated reuse,33,"(64, 1, 0.2)"
11,0.038515351176261904,0.033182669430971146,0.18216110844790978,0.09625434875488281,0.9448521137237549,Q + SGD + gated reuse,33,"(64, 1, 0.2)"
12,0.03610916160941124,0.03192567825317383,0.17867758184275337,0.09612981975078583,0.9469411373138428,Q + SGD + gated reuse,33,"(64, 1, 0.2)"
13,0.034698621898889545,0.031653039157390594,0.1779130100846776,0.09862422943115234,0.9473942518234253,Q + SGD + gated reuse,33,"(64, 1, 0.2)"
14,0.03310152838230133,0.03073308803141117,0.17530855093637382,0.09703034907579422,0.9489231705665588,Q + SGD + gated reuse,33,"(64, 1, 0.2)"
15,0.0345331573292613,0.029707714915275574,0.17235926118220504,0.0933244526386261,0.950627326965332,Q + SGD + gated reuse,33,"(64, 1, 0.2)"
16,0.03171744409203529,0.030019883066415787,0.17326246871846132,0.0953676626086235,0.9501084685325623,Q + SGD + gated reuse,33,"(64, 1, 0.2)"
17,0.031614661394059655,0.028453612700104713,0.1686819868868775,0.092951700091362,0.9527115225791931,Q + SGD + gated reuse,33,"(64, 1, 0.2)"
18,0.030321455785632133,0.028521884232759476,0.1688842332272598,0.0945512056350708,0.9525980949401855,Q + SGD + gated reuse,33,"(64, 1, 0.2)"
19,0.030095802083611487,0.029448257759213448,0.17160494677955368,0.09985554963350296,0.9510585069656372,Q + SGD + gated reuse,33,"(64, 1, 0.2)"
20,0.029860878126323223,0.027465572580695152,0.16572740443479814,0.09307835251092911,0.9543536305427551,Q + SGD + gated reuse,33,"(64, 1, 0.2)"
21,0.029361211043596267,0.026845013722777367,0.1638444802938975,0.09185939282178879,0.9553849697113037,Q + SGD + gated reuse,33,"(64, 1, 0.2)"
22,0.028919721013307573,0.02668572962284088,0.16335767390251638,0.09254798293113708,0.9556496739387512,Q + SGD + gated reuse,33,"(64, 1, 0.2)"
23,0.028725403800606727,0.026389965787529945,0.16244988700374632,0.09329643845558167,0.9561412334442139,Q + SGD + gated reuse,33,"(64, 1, 0.2)"
24,0.028746755366027357,0.026149529963731766,0.16170816294711832,0.09231460839509964,0.9565408229827881,Q + SGD + gated reuse,33,"(64, 1, 0.2)"
25,0.02794195507466793,0.026231711730360985,0.1619620688011887,0.09471828490495682,0.9564042091369629,Q + SGD + gated reuse,33,"(64, 1, 0.2)"
26,0.027688857324421407,0.024606848135590553,0.15686570095336505,0.09014295041561127,0.9591046571731567,Q + SGD + gated reuse,33,"(64, 1, 0.2)"
27,0.027912021201848984,0.02524830959737301,0.15889716673802906,0.09624739736318588,0.9580386281013489,Q + SGD + gated reuse,33,"(64, 1, 0.2)"
28,0.02715888171643019,0.024331051856279373,0.1559841397587568,0.09416013211011887,0.9595630168914795,Q + SGD + gated reuse,33,"(64, 1, 0.2)"
29,0.026288197685778142,0.023469073697924614,0.15319619348379585,0.08710804581642151,0.960995614528656,Q + SGD + gated reuse,33,"(64, 1, 0.2)"
30,0.026268297028541564,0.023361971601843834,0.15284623515757212,0.0898246243596077,0.9611735939979553,Q + SGD + gated reuse,33,"(64, 1, 0.2)"
31,0.03163257647454738,0.02411809377372265,0.15530001214978267,0.09260079264640808,0.9599169492721558,Q + SGD + gated reuse,33,"(64, 1, 0.2)"
32,0.026215789666771887,0.022292744368314743,0.14930754960253934,0.08997419476509094,0.962950587272644,Q + SGD + gated reuse,33,"(64, 1, 0.2)"
33,0.025456466096639634,0.02130863256752491,0.14597476688635236,0.0869138091802597,0.9645861387252808,Q + SGD + gated reuse,33,"(64, 1, 0.2)"
34,0.02517899372577667,0.022227423265576363,0.14908864230911878,0.08834494650363922,0.9630591869354248,Q + SGD + gated reuse,33,"(64, 1, 0.2)"
35,0.026957673671841622,0.02212749421596527,0.14875313178540234,0.08751477301120758,0.963225245475769,Q + SGD + gated reuse,33,"(64, 1, 0.2)"
36,0.024725566723942757,0.021343639120459557,0.14609462385885238,0.08630168437957764,0.96452796459198,Q + SGD + gated reuse,33,"(64, 1, 0.2)"
37,0.02438964757323265,0.021629204973578453,0.1470687083426602,0.08590202778577805,0.9640533924102783,Q + SGD + gated reuse,33,"(64, 1, 0.2)"
38,0.023897096461057664,0.02447524666786194,0.15644566682353953,0.10104403644800186,0.9593234062194824,Q + SGD + gated reuse,33,"(64, 1, 0.2)"
1,0.4425836077213287,0.19765430688858032,0.44458329578221933,0.23206406831741333,0.6715086698532104,Q + Adam + cold start,33,"(64, 2, 0.4)"
2,0.14382310210466384,0.08822821825742722,0.29703235220666996,0.15212644636631012,0.8533692359924316,Q + Adam + cold start,33,"(64, 2, 0.4)"
3,0.08512098185718059,0.052151158452034,0.22836628133775352,0.12142591923475266,0.9133274555206299,Q + Adam + cold start,33,"(64, 2, 0.4)"
4,0.06330548983812333,0.04360230267047882,0.20881164400118787,0.10918445140123367,0.9275351762771606,Q + Adam + cold start,33,"(64, 2, 0.4)"
5,0.05185521821975708,0.03804798424243927,0.19505892505199363,0.10271838307380676,0.9367662072181702,Q + Adam + cold start,33,"(64, 2, 0.4)"
6,0.04761072087287903,0.04540709778666496,0.2130894126573748,0.14421585202217102,0.9245357513427734,Q + Adam + cold start,33,"(64, 2, 0.4)"
7,0.044888976630568504,0.03378770500421524,0.18381432208676027,0.10168559849262238,0.943846583366394,Q + Adam + cold start,33,"(64, 2, 0.4)"
8,0.03922913349866867,0.03090500272810459,0.17579818749948645,0.09425824880599976,0.9486374855041504,Q + Adam + cold start,33,"(64, 2, 0.4)"
9,0.038815801191329956,0.030541760846972466,0.17476201202484615,0.09408675879240036,0.9492411613464355,Q + Adam + cold start,33,"(64, 2, 0.4)"
10,0.03694938266277313,0.03531467914581299,0.18792200282514282,0.11623657494783401,0.9413087964057922,Q + Adam + cold start,33,"(64, 2, 0.4)"
11,0.03826457117795944,0.0309901125729084,0.1760400879712016,0.09842623025178909,0.9484960436820984,Q + Adam + cold start,33,"(64, 2, 0.4)"
12,0.036451874208450315,0.029961267486214638,0.17309323350788336,0.09554910659790039,0.95020592212677,Q + Adam + cold start,33,"(64, 2, 0.4)"
13,0.03558668056428432,0.029538525268435478,0.17186775517366681,0.09472779184579849,0.9509084820747375,Q + Adam + cold start,33,"(64, 2, 0.4)"
14,0.034507992208004,0.031948283314704895,0.17874082721836357,0.10742080211639404,0.9469035863876343,Q + Adam + cold start,33,"(64, 2, 0.4)"
15,0.035558138310909274,0.029093816876411438,0.17056909707333107,0.09537710249423981,0.9516475796699524,Q + Adam + cold start,33,"(64, 2, 0.4)"
16,0.034602483606338504,0.04060172289609909,0.20149869204562865,0.13867579400539398,0.9325219988822937,Q + Adam + cold start,33,"(64, 2, 0.4)"
17,0.03490675096809864,0.028544733300805092,0.1689518668165732,0.09309211373329163,0.9525601267814636,Q + Adam + cold start,33,"(64, 2, 0.4)"
18,0.03372871864140034,0.027783984318375587,0.16668528524850532,0.09377317130565643,0.9538244605064392,Q + Adam + cold start,33,"(64, 2, 0.4)"
19,0.03275220946967602,0.02876877970993519,0.16961361888107684,0.0976431742310524,0.9521877765655518,Q + Adam + cold start,33,"(64, 2, 0.4)"
20,0.032895535184443,0.027275579050183296,0.16515319872828166,0.09392023831605911,0.9546693563461304,Q + Adam + cold start,33,"(64, 2, 0.4)"
21,0.0324258970618248,0.027202172204852104,0.164930810356501,0.09461483359336853,0.9547913670539856,Q + Adam + cold start,33,"(64, 2, 0.4)"
22,0.0323822818338871,0.026400908827781677,0.16248356479281736,0.0924392119050026,0.9561230540275574,Q + Adam + cold start,33,"(64, 2, 0.4)"
23,0.03218102054297924,0.025955410674214363,0.16110683000485845,0.09315448254346848,0.9568634033203125,Q + Adam + cold start,33,"(64, 2, 0.4)"
24,0.03173158525973559,0.026455050334334373,0.16265008556510008,0.09326565265655518,0.9560330510139465,Q + Adam + cold start,33,"(64, 2, 0.4)"
25,0.03108862825334072,0.02967953495681286,0.17227749405193024,0.1111774891614914,0.9506741166114807,Q + Adam + cold start,33,"(64, 2, 0.4)"
26,0.03146111930757761,0.027271097525954247,0.16513963039184218,0.10232743620872498,0.9546768069267273,Q + Adam + cold start,33,"(64, 2, 0.4)"
27,0.031494532188773156,0.0247977115213871,0.15747289138574647,0.0904923677444458,0.9587874412536621,Q + Adam + cold start,33,"(64, 2, 0.4)"
28,0.02971550757214427,0.024059783667325974,0.15511216479478962,0.08976755291223526,0.9600138664245605,Q + Adam + cold start,33,"(64, 2, 0.4)"
29,0.028899728697538377,0.0236340519040823,0.15373370451557555,0.0873461663722992,0.9607214331626892,Q + Adam + cold start,33,"(64, 2, 0.4)"
30,0.02821739945411682,0.024688217788934708,0.1571248477769659,0.09587918967008591,0.9589694738388062,Q + Adam + cold start,33,"(64, 2, 0.4)"
31,0.03193363363444805,0.02284969389438629,0.15116115206754113,0.08946213126182556,0.962024986743927,Q + Adam + cold start,33,"(64, 2, 0.4)"
32,0.027610628214478492,0.021267330273985863,0.14583322760600845,0.08892751485109329,0.964654803276062,Q + Adam + cold start,33,"(64, 2, 0.4)"
33,0.027156054139137267,0.020643914118409157,0.1436799015812899,0.08857673406600952,0.9656908512115479,Q + Adam + cold start,33,"(64, 2, 0.4)"
34,0.02665962651371956,0.020703740417957306,0.14388794396320112,0.08739212900400162,0.9655914306640625,Q + Adam + cold start,33,"(64, 2, 0.4)"
35,0.027939050364494324,0.020387372002005577,0.14278435489228355,0.08592914789915085,0.9661172032356262,Q + Adam + cold start,33,"(64, 2, 0.4)"
36,0.026609576177597048,0.020134853199124336,0.14189733330519053,0.08785759657621384,0.9665368795394897,Q + Adam + cold start,33,"(64, 2, 0.4)"
37,0.025565156975388525,0.020758505910634995,0.14407812433063874,0.08903279900550842,0.9655004143714905,Q + Adam + cold start,33,"(64, 2, 0.4)"
38,0.02533595548272133,0.025842828676104546,0.16075704860473317,0.11261308938264847,0.9570505619049072,Q + Adam + cold start,33,"(64, 2, 0.4)"
39,0.026437216567993162,0.01983562670648098,0.14083900988888334,0.08938165009021759,0.9670342206954956,Q + Adam + cold start,33,"(64, 2, 0.4)"
40,0.025279147961735724,0.018623750656843185,0.13646886332362845,0.08447908610105515,0.969048261642456,Q + Adam + cold start,33,"(64, 2, 0.4)"
41,0.024583610482513906,0.023462746292352676,0.1531755407770858,0.0961957797408104,0.9610061049461365,Q + Adam + cold start,33,"(64, 2, 0.4)"
42,0.02598698763847351,0.019346773624420166,0.13909267998144317,0.0848289206624031,0.9678466320037842,Q + Adam + cold start,33,"(64, 2, 0.4)"
43,0.02520246076285839,0.020150061696767807,0.14195091298321336,0.08650360256433487,0.966511607170105,Q + Adam + cold start,33,"(64, 2, 0.4)"
44,0.02401995753645897,0.020188020542263985,0.14208455420018035,0.09150394052267075,0.9664485454559326,Q + Adam + cold start,33,"(64, 2, 0.4)"
45,0.024822789885103703,0.02116522379219532,0.1454827267829254,0.08867399394512177,0.9648244976997375,Q + Adam + cold start,33,"(64, 2, 0.4)"
1,0.4476575106620789,0.24171172082424164,0.4916418623594228,0.26961371302604675,0.5982874631881714,Q + Adam + direct reuse,33,"(64, 1, 0.2)"
2,0.15779369859695436,0.10631991922855377,0.32606735382211105,0.2072632610797882,0.8233017325401306,Q + Adam + direct reuse,33,"(64, 1, 0.2)"
3,0.08725804504156112,0.062019843608140945,0.24903783569598606,0.12993362545967102,0.8969261646270752,Q + Adam + direct reuse,33,"(64, 1, 0.2)"
4,0.06623080551624298,0.05385654419660568,0.2320701277558266,0.13124173879623413,0.9104931950569153,Q + Adam + direct reuse,33,"(64, 1, 0.2)"
5,0.05803788581490517,0.04675587639212608,0.21623107175456094,0.11450185626745224,0.9222941398620605,Q + Adam + direct reuse,33,"(64, 1, 0.2)"
6,0.05223625602722168,0.043302953243255615,0.20809361653653774,0.11263412982225418,0.9280326962471008,Q + Adam + direct reuse,33,"(64, 1, 0.2)"
7,0.04906068469583988,0.04193205013871193,0.20477316752619698,0.1143656000494957,0.9303110837936401,Q + Adam + direct reuse,33,"(64, 1, 0.2)"
8,0.044955521807074544,0.038120925426483154,0.1952458077052697,0.10224944353103638,0.936644971370697,Q + Adam + direct reuse,33,"(64, 1, 0.2)"
9,0.04213438244462013,0.03677161782979965,0.1917592705185323,0.10124040395021439,0.9388874769210815,Q + Adam + direct reuse,33,"(64, 1, 0.2)"
10,0.0397685714006424,0.03786345198750496,0.19458533343370193,0.1128072738647461,0.9370728731155396,Q + Adam + direct reuse,33,"(64, 1, 0.2)"
11,0.038515351176261904,0.033182669430971146,0.18216110844790978,0.09625434875488281,0.9448521137237549,Q + Adam + direct reuse,33,"(64, 1, 0.2)"
12,0.03610916160941124,0.03192567825317383,0.17867758184275337,0.09612981975078583,0.9469411373138428,Q + Adam + direct reuse,33,"(64, 1, 0.2)"
13,0.034698621898889545,0.031653039157390594,0.1779130100846776,0.09862422943115234,0.9473942518234253,Q + Adam + direct reuse,33,"(64, 1, 0.2)"
14,0.03310152838230133,0.03073308803141117,0.17530855093637382,0.09703034907579422,0.9489231705665588,Q + Adam + direct reuse,33,"(64, 1, 0.2)"
15,0.0345331573292613,0.029707714915275574,0.17235926118220504,0.0933244526386261,0.950627326965332,Q + Adam + direct reuse,33,"(64, 1, 0.2)"
16,0.03171744409203529,0.030019883066415787,0.17326246871846132,0.0953676626086235,0.9501084685325623,Q + Adam + direct reuse,33,"(64, 1, 0.2)"
17,0.031614661394059655,0.028453612700104713,0.1686819868868775,0.092951700091362,0.9527115225791931,Q + Adam + direct reuse,33,"(64, 1, 0.2)"
18,0.030321455785632133,0.028521884232759476,0.1688842332272598,0.0945512056350708,0.9525980949401855,Q + Adam + direct reuse,33,"(64, 1, 0.2)"
19,0.030095802083611487,0.029448257759213448,0.17160494677955368,0.09985554963350296,0.9510585069656372,Q + Adam + direct reuse,33,"(64, 1, 0.2)"
20,0.029860878126323223,0.027465572580695152,0.16572740443479814,0.09307835251092911,0.9543536305427551,Q + Adam + direct reuse,33,"(64, 1, 0.2)"
21,0.029361211043596267,0.026845013722777367,0.1638444802938975,0.09185939282178879,0.9553849697113037,Q + Adam + direct reuse,33,"(64, 1, 0.2)"
22,0.028919721013307573,0.02668572962284088,0.16335767390251638,0.09254798293113708,0.9556496739387512,Q + Adam + direct reuse,33,"(64, 1, 0.2)"
23,0.028725403800606727,0.026389965787529945,0.16244988700374632,0.09329643845558167,0.9561412334442139,Q + Adam + direct reuse,33,"(64, 1, 0.2)"
24,0.028746755366027357,0.026149529963731766,0.16170816294711832,0.09231460839509964,0.9565408229827881,Q + Adam + direct reuse,33,"(64, 1, 0.2)"
25,0.02794195507466793,0.026231711730360985,0.1619620688011887,0.09471828490495682,0.9564042091369629,Q + Adam + direct reuse,33,"(64, 1, 0.2)"
26,0.027688857324421407,0.024606848135590553,0.15686570095336505,0.09014295041561127,0.9591046571731567,Q + Adam + direct reuse,33,"(64, 1, 0.2)"
27,0.027912021201848984,0.02524830959737301,0.15889716673802906,0.09624739736318588,0.9580386281013489,Q + Adam + direct reuse,33,"(64, 1, 0.2)"
28,0.02715888171643019,0.024331051856279373,0.1559841397587568,0.09416013211011887,0.9595630168914795,Q + Adam + direct reuse,33,"(64, 1, 0.2)"
29,0.026288197685778142,0.023469073697924614,0.15319619348379585,0.08710804581642151,0.960995614528656,Q + Adam + direct reuse,33,"(64, 1, 0.2)"
30,0.026268297028541564,0.023361971601843834,0.15284623515757212,0.0898246243596077,0.9611735939979553,Q + Adam + direct reuse,33,"(64, 1, 0.2)"
31,0.03163257647454738,0.02411809377372265,0.15530001214978267,0.09260079264640808,0.9599169492721558,Q + Adam + direct reuse,33,"(64, 1, 0.2)"
32,0.026215789666771887,0.022292744368314743,0.14930754960253934,0.08997419476509094,0.962950587272644,Q + Adam + direct reuse,33,"(64, 1, 0.2)"
33,0.025456466096639634,0.02130863256752491,0.14597476688635236,0.0869138091802597,0.9645861387252808,Q + Adam + direct reuse,33,"(64, 1, 0.2)"
34,0.02517899372577667,0.022227423265576363,0.14908864230911878,0.08834494650363922,0.9630591869354248,Q + Adam + direct reuse,33,"(64, 1, 0.2)"
35,0.026957673671841622,0.02212749421596527,0.14875313178540234,0.08751477301120758,0.963225245475769,Q + Adam + direct reuse,33,"(64, 1, 0.2)"
36,0.024725566723942757,0.021343639120459557,0.14609462385885238,0.08630168437957764,0.96452796459198,Q + Adam + direct reuse,33,"(64, 1, 0.2)"
37,0.02438964757323265,0.021629204973578453,0.1470687083426602,0.08590202778577805,0.9640533924102783,Q + Adam + direct reuse,33,"(64, 1, 0.2)"
38,0.023897096461057664,0.02447524666786194,0.15644566682353953,0.10104403644800186,0.9593234062194824,Q + Adam + direct reuse,33,"(64, 1, 0.2)"
1,0.4418043394804001,0.2543698251247406,0.504350894838842,0.27309784293174744,0.5852127075195312,Q + Adam + gated reuse,44,"(64, 1, 0.4)"
2,0.15851764469146729,0.10503964871168137,0.32409820843639564,0.16226352751255035,0.8287174701690674,Q + Adam + gated reuse,44,"(64, 1, 0.4)"
3,0.08425125079154969,0.07114498317241669,0.2667301692205377,0.13406820595264435,0.8839876651763916,Q + Adam + gated reuse,44,"(64, 1, 0.4)"
4,0.06416725684702397,0.06173928827047348,0.24847391869263358,0.1482265144586563,0.8993250131607056,Q + Adam + gated reuse,44,"(64, 1, 0.4)"
5,0.055005400907993315,0.05119984596967697,0.22627382961729572,0.11725230515003204,0.9165111184120178,Q + Adam + gated reuse,44,"(64, 1, 0.4)"
6,0.0493636030048132,0.04766162112355232,0.2183154165961541,0.11090986430644989,0.9222807288169861,Q + Adam + gated reuse,44,"(64, 1, 0.4)"
7,0.04616129341125488,0.04401273652911186,0.2097921269473949,0.10719344764947891,0.9282307624816895,Q + Adam + gated reuse,44,"(64, 1, 0.4)"
8,0.044259277683496474,0.04322799667716026,0.2079134355378706,0.11161135137081146,0.9295104146003723,Q + Adam + gated reuse,44,"(64, 1, 0.4)"
9,0.041416445326805114,0.04054716229438782,0.20136325954450532,0.10358032584190369,0.9338818788528442,Q + Adam + gated reuse,44,"(64, 1, 0.4)"
10,0.039659683021903036,0.04116977006196976,0.2029033515296624,0.11030305176973343,0.932866632938385,Q + Adam + gated reuse,44,"(64, 1, 0.4)"
11,0.0381533897280693,0.04364462569355965,0.20891296200465792,0.12393846362829208,0.9288310408592224,Q + Adam + gated reuse,44,"(64, 1, 0.4)"
12,0.03750481766164303,0.037271954119205475,0.1930594574715403,0.09837871789932251,0.9392226338386536,Q + Adam + gated reuse,44,"(64, 1, 0.4)"
13,0.03536093285679817,0.036451488733291626,0.19092272974502442,0.1047128289937973,0.940560519695282,Q + Adam + gated reuse,44,"(64, 1, 0.4)"
14,0.03417927704453468,0.034997377544641495,0.18707586040064467,0.09921713918447495,0.9429316520690918,Q + Adam + gated reuse,44,"(64, 1, 0.4)"
15,0.03283720492422581,0.034591589123010635,0.18598814242582948,0.1015300452709198,0.9435933232307434,Q + Adam + gated reuse,44,"(64, 1, 0.4)"
16,0.03168772342205048,0.03335877135396004,0.1826438374376755,0.09849370270967484,0.945603609085083,Q + Adam + gated reuse,44,"(64, 1, 0.4)"
17,0.03090473776757717,0.0322103276848793,0.1794723591110322,0.09692949056625366,0.947476327419281,Q + Adam + gated reuse,44,"(64, 1, 0.4)"
18,0.030094365280866623,0.03271464258432388,0.1808718955070795,0.10393208265304565,0.9466539621353149,Q + Adam + gated reuse,44,"(64, 1, 0.4)"
19,0.030155676305294036,0.03119722567498684,0.17662736389072572,0.09673231095075607,0.9491283297538757,Q + Adam + gated reuse,44,"(64, 1, 0.4)"
20,0.02894013854265213,0.0309057105332613,0.17580020060643076,0.09787330776453018,0.9496037364006042,Q + Adam + gated reuse,44,"(64, 1, 0.4)"
21,0.028544559907913207,0.030164258554577827,0.17367860707230995,0.09498792886734009,0.9508127570152283,Q + Adam + gated reuse,44,"(64, 1, 0.4)"
22,0.028141698722541332,0.03021848201751709,0.17383463986650385,0.09780436009168625,0.9507243633270264,Q + Adam + gated reuse,44,"(64, 1, 0.4)"
23,0.027864524364471434,0.030014894902706146,0.17324807330156994,0.09698855876922607,0.9510563015937805,Q + Adam + gated reuse,44,"(64, 1, 0.4)"
24,0.027476417753100394,0.031005872413516045,0.17608484436065486,0.10343418270349503,0.9494403600692749,Q + Adam + gated reuse,44,"(64, 1, 0.4)"
25,0.027517651879787445,0.02896643616259098,0.1701952883090216,0.0946594625711441,0.9527660012245178,Q + Adam + gated reuse,44,"(64, 1, 0.4)"
26,0.02736025592982769,0.02962648868560791,0.17212346930505412,0.10050396621227264,0.9516896605491638,Q + Adam + gated reuse,44,"(64, 1, 0.4)"
27,0.026648799300193787,0.03072914108633995,0.17529729343700648,0.10251984745264053,0.9498916268348694,Q + Adam + gated reuse,44,"(64, 1, 0.4)"
28,0.02663391655087471,0.028129979968070984,0.16771994505147855,0.09568806737661362,0.9541299343109131,Q + Adam + gated reuse,44,"(64, 1, 0.4)"
29,0.02619516826570034,0.028870459645986557,0.16991309439235858,0.09732013940811157,0.9529224634170532,Q + Adam + gated reuse,44,"(64, 1, 0.4)"
30,0.026219862961769105,0.03044486604630947,0.1744845725166253,0.10946284234523773,0.9503551721572876,Q + Adam + gated reuse,44,"(64, 1, 0.4)"
31,0.02537328767478466,0.0274715144187212,0.1657453300057688,0.0970757007598877,0.955203652381897,Q + Adam + gated reuse,44,"(64, 1, 0.4)"
32,0.025065556175261735,0.02638232335448265,0.16242636286786283,0.09308931976556778,0.9569797515869141,Q + Adam + gated reuse,44,"(64, 1, 0.4)"
33,0.024197342628240585,0.026615655049681664,0.16314305087769343,0.09887772053480148,0.9565992951393127,Q + Adam + gated reuse,44,"(64, 1, 0.4)"
34,0.024178877434134483,0.0258394293487072,0.16074647538502113,0.09464395046234131,0.9578649997711182,Q + Adam + gated reuse,44,"(64, 1, 0.4)"
35,0.024928435849398373,0.025594208389520645,0.15998190019349265,0.09134135395288467,0.9582648873329163,Q + Adam + gated reuse,44,"(64, 1, 0.4)"
36,0.023886398346722126,0.025751614943146706,0.1604730972566639,0.09727931767702103,0.9580082297325134,Q + Adam + gated reuse,44,"(64, 1, 0.4)"
37,0.023488574501127006,0.024323957040905952,0.15596139599563077,0.09053689241409302,0.9603362083435059,Q + Adam + gated reuse,44,"(64, 1, 0.4)"
38,0.023195598036050796,0.025247933343052864,0.1588959827782089,0.09656257182359695,0.9588295221328735,Q + Adam + gated reuse,44,"(64, 1, 0.4)"
39,0.02291295247077942,0.023979326710104942,0.15485259671734583,0.09128319472074509,0.9608981609344482,Q + Adam + gated reuse,44,"(64, 1, 0.4)"
40,0.02284925100952387,0.024610739201307297,0.15687810300136631,0.09273110330104828,0.9598685503005981,Q + Adam + gated reuse,44,"(64, 1, 0.4)"
41,0.02245517644882202,0.02382977306842804,0.15436895111526813,0.08969757705926895,0.9611420631408691,Q + Adam + gated reuse,44,"(64, 1, 0.4)"
42,0.022421117842197417,0.024927372112870216,0.15788404641657186,0.09720056504011154,0.9593522548675537,Q + Adam + gated reuse,44,"(64, 1, 0.4)"
43,0.02253860393166542,0.023076968267560005,0.15191105380307254,0.09064405411481857,0.9623696208000183,Q + Adam + gated reuse,44,"(64, 1, 0.4)"
44,0.02207324849963188,0.024964947253465652,0.1580029976091139,0.09060418605804443,0.9592909812927246,Q + Adam + gated reuse,44,"(64, 1, 0.4)"
45,0.02242092499136925,0.02323908917605877,0.15244372462013242,0.0900602787733078,0.9621052742004395,Q + Adam + gated reuse,44,"(64, 1, 0.4)"
46,0.02226742314696312,0.031171593815088272,0.17655478983898532,0.11362534016370773,0.9491701722145081,Q + Adam + gated reuse,44,"(64, 1, 0.4)"
47,0.024276610687375067,0.02301381528377533,0.1517030496851508,0.09114384651184082,0.9624726176261902,Q + Adam + gated reuse,44,"(64, 1, 0.4)"
48,0.02185869861319661,0.022868866100907326,0.15122455521808395,0.09072574973106384,0.9627089500427246,Q + Adam + gated reuse,44,"(64, 1, 0.4)"
49,0.0211710376650095,0.022359581664204597,0.14953120632230785,0.08950240164995193,0.9635394215583801,Q + Adam + gated reuse,44,"(64, 1, 0.4)"
50,0.02165141259431839,0.02307409606873989,0.15190159995450966,0.09425073117017746,0.9623743295669556,Q + Adam + gated reuse,44,"(64, 1, 0.4)"
1,0.4418043394804001,0.2543698251247406,0.504350894838842,0.27309784293174744,0.5852127075195312,Random + Adam + gated reuse,44,"(64, 1, 0.2)"
2,0.15851764469146729,0.10503964871168137,0.32409820843639564,0.16226352751255035,0.8287174701690674,Random + Adam + gated reuse,44,"(64, 1, 0.2)"
3,0.08425125079154969,0.07114498317241669,0.2667301692205377,0.13406820595264435,0.8839876651763916,Random + Adam + gated reuse,44,"(64, 1, 0.2)"
4,0.06416725684702397,0.06173928827047348,0.24847391869263358,0.1482265144586563,0.8993250131607056,Random + Adam + gated reuse,44,"(64, 1, 0.2)"
5,0.055005400907993315,0.05119984596967697,0.22627382961729572,0.11725230515003204,0.9165111184120178,Random + Adam + gated reuse,44,"(64, 1, 0.2)"
6,0.0493636030048132,0.04766162112355232,0.2183154165961541,0.11090986430644989,0.9222807288169861,Random + Adam + gated reuse,44,"(64, 1, 0.2)"
7,0.04616129341125488,0.04401273652911186,0.2097921269473949,0.10719344764947891,0.9282307624816895,Random + Adam + gated reuse,44,"(64, 1, 0.2)"
8,0.044259277683496474,0.04322799667716026,0.2079134355378706,0.11161135137081146,0.9295104146003723,Random + Adam + gated reuse,44,"(64, 1, 0.2)"
9,0.041416445326805114,0.04054716229438782,0.20136325954450532,0.10358032584190369,0.9338818788528442,Random + Adam + gated reuse,44,"(64, 1, 0.2)"
10,0.039659683021903036,0.04116977006196976,0.2029033515296624,0.11030305176973343,0.932866632938385,Random + Adam + gated reuse,44,"(64, 1, 0.2)"
11,0.0381533897280693,0.04364462569355965,0.20891296200465792,0.12393846362829208,0.9288310408592224,Random + Adam + gated reuse,44,"(64, 1, 0.2)"
12,0.03750481766164303,0.037271954119205475,0.1930594574715403,0.09837871789932251,0.9392226338386536,Random + Adam + gated reuse,44,"(64, 1, 0.2)"
13,0.03536093285679817,0.036451488733291626,0.19092272974502442,0.1047128289937973,0.940560519695282,Random + Adam + gated reuse,44,"(64, 1, 0.2)"
14,0.03417927704453468,0.034997377544641495,0.18707586040064467,0.09921713918447495,0.9429316520690918,Random + Adam + gated reuse,44,"(64, 1, 0.2)"
15,0.03283720492422581,0.034591589123010635,0.18598814242582948,0.1015300452709198,0.9435933232307434,Random + Adam + gated reuse,44,"(64, 1, 0.2)"
16,0.03168772342205048,0.03335877135396004,0.1826438374376755,0.09849370270967484,0.945603609085083,Random + Adam + gated reuse,44,"(64, 1, 0.2)"
17,0.03090473776757717,0.0322103276848793,0.1794723591110322,0.09692949056625366,0.947476327419281,Random + Adam + gated reuse,44,"(64, 1, 0.2)"
18,0.030094365280866623,0.03271464258432388,0.1808718955070795,0.10393208265304565,0.9466539621353149,Random + Adam + gated reuse,44,"(64, 1, 0.2)"
19,0.030155676305294036,0.03119722567498684,0.17662736389072572,0.09673231095075607,0.9491283297538757,Random + Adam + gated reuse,44,"(64, 1, 0.2)"
20,0.02894013854265213,0.0309057105332613,0.17580020060643076,0.09787330776453018,0.9496037364006042,Random + Adam + gated reuse,44,"(64, 1, 0.2)"
21,0.028544559907913207,0.030164258554577827,0.17367860707230995,0.09498792886734009,0.9508127570152283,Random + Adam + gated reuse,44,"(64, 1, 0.2)"
22,0.028141698722541332,0.03021848201751709,0.17383463986650385,0.09780436009168625,0.9507243633270264,Random + Adam + gated reuse,44,"(64, 1, 0.2)"
23,0.027864524364471434,0.030014894902706146,0.17324807330156994,0.09698855876922607,0.9510563015937805,Random + Adam + gated reuse,44,"(64, 1, 0.2)"
24,0.027476417753100394,0.031005872413516045,0.17608484436065486,0.10343418270349503,0.9494403600692749,Random + Adam + gated reuse,44,"(64, 1, 0.2)"
25,0.027517651879787445,0.02896643616259098,0.1701952883090216,0.0946594625711441,0.9527660012245178,Random + Adam + gated reuse,44,"(64, 1, 0.2)"
26,0.02736025592982769,0.02962648868560791,0.17212346930505412,0.10050396621227264,0.9516896605491638,Random + Adam + gated reuse,44,"(64, 1, 0.2)"
27,0.026648799300193787,0.03072914108633995,0.17529729343700648,0.10251984745264053,0.9498916268348694,Random + Adam + gated reuse,44,"(64, 1, 0.2)"
28,0.02663391655087471,0.028129979968070984,0.16771994505147855,0.09568806737661362,0.9541299343109131,Random + Adam + gated reuse,44,"(64, 1, 0.2)"
29,0.02619516826570034,0.028870459645986557,0.16991309439235858,0.09732013940811157,0.9529224634170532,Random + Adam + gated reuse,44,"(64, 1, 0.2)"
30,0.026219862961769105,0.03044486604630947,0.1744845725166253,0.10946284234523773,0.9503551721572876,Random + Adam + gated reuse,44,"(64, 1, 0.2)"
31,0.02537328767478466,0.0274715144187212,0.1657453300057688,0.0970757007598877,0.955203652381897,Random + Adam + gated reuse,44,"(64, 1, 0.2)"
32,0.025065556175261735,0.02638232335448265,0.16242636286786283,0.09308931976556778,0.9569797515869141,Random + Adam + gated reuse,44,"(64, 1, 0.2)"
33,0.024197342628240585,0.026615655049681664,0.16314305087769343,0.09887772053480148,0.9565992951393127,Random + Adam + gated reuse,44,"(64, 1, 0.2)"
34,0.024178877434134483,0.0258394293487072,0.16074647538502113,0.09464395046234131,0.9578649997711182,Random + Adam + gated reuse,44,"(64, 1, 0.2)"
35,0.024928435849398373,0.025594208389520645,0.15998190019349265,0.09134135395288467,0.9582648873329163,Random + Adam + gated reuse,44,"(64, 1, 0.2)"
36,0.023886398346722126,0.025751614943146706,0.1604730972566639,0.09727931767702103,0.9580082297325134,Random + Adam + gated reuse,44,"(64, 1, 0.2)"
37,0.023488574501127006,0.024323957040905952,0.15596139599563077,0.09053689241409302,0.9603362083435059,Random + Adam + gated reuse,44,"(64, 1, 0.2)"
38,0.023195598036050796,0.025247933343052864,0.1588959827782089,0.09656257182359695,0.9588295221328735,Random + Adam + gated reuse,44,"(64, 1, 0.2)"
39,0.02291295247077942,0.023979326710104942,0.15485259671734583,0.09128319472074509,0.9608981609344482,Random + Adam + gated reuse,44,"(64, 1, 0.2)"
40,0.02284925100952387,0.024610739201307297,0.15687810300136631,0.09273110330104828,0.9598685503005981,Random + Adam + gated reuse,44,"(64, 1, 0.2)"
41,0.02245517644882202,0.02382977306842804,0.15436895111526813,0.08969757705926895,0.9611420631408691,Random + Adam + gated reuse,44,"(64, 1, 0.2)"
42,0.022421117842197417,0.024927372112870216,0.15788404641657186,0.09720056504011154,0.9593522548675537,Random + Adam + gated reuse,44,"(64, 1, 0.2)"
43,0.02253860393166542,0.023076968267560005,0.15191105380307254,0.09064405411481857,0.9623696208000183,Random + Adam + gated reuse,44,"(64, 1, 0.2)"
44,0.02207324849963188,0.024964947253465652,0.1580029976091139,0.09060418605804443,0.9592909812927246,Random + Adam + gated reuse,44,"(64, 1, 0.2)"
45,0.02242092499136925,0.02323908917605877,0.15244372462013242,0.0900602787733078,0.9621052742004395,Random + Adam + gated reuse,44,"(64, 1, 0.2)"
46,0.02226742314696312,0.031171593815088272,0.17655478983898532,0.11362534016370773,0.9491701722145081,Random + Adam + gated reuse,44,"(64, 1, 0.2)"
47,0.024276610687375067,0.02301381528377533,0.1517030496851508,0.09114384651184082,0.9624726176261902,Random + Adam + gated reuse,44,"(64, 1, 0.2)"
48,0.02185869861319661,0.022868866100907326,0.15122455521808395,0.09072574973106384,0.9627089500427246,Random + Adam + gated reuse,44,"(64, 1, 0.2)"
49,0.0211710376650095,0.022359581664204597,0.14953120632230785,0.08950240164995193,0.9635394215583801,Random + Adam + gated reuse,44,"(64, 1, 0.2)"
50,0.02165141259431839,0.02307409606873989,0.15190159995450966,0.09425073117017746,0.9623743295669556,Random + Adam + gated reuse,44,"(64, 1, 0.2)"
1,0.4418043394804001,0.2543698251247406,0.504350894838842,0.27309784293174744,0.5852127075195312,Q + SGD + gated reuse,44,"(64, 1, 0.4)"
2,0.15851764469146729,0.10503964871168137,0.32409820843639564,0.16226352751255035,0.8287174701690674,Q + SGD + gated reuse,44,"(64, 1, 0.4)"
3,0.08425125079154969,0.07114498317241669,0.2667301692205377,0.13406820595264435,0.8839876651763916,Q + SGD + gated reuse,44,"(64, 1, 0.4)"
4,0.06416725684702397,0.06173928827047348,0.24847391869263358,0.1482265144586563,0.8993250131607056,Q + SGD + gated reuse,44,"(64, 1, 0.4)"
5,0.055005400907993315,0.05119984596967697,0.22627382961729572,0.11725230515003204,0.9165111184120178,Q + SGD + gated reuse,44,"(64, 1, 0.4)"
6,0.0493636030048132,0.04766162112355232,0.2183154165961541,0.11090986430644989,0.9222807288169861,Q + SGD + gated reuse,44,"(64, 1, 0.4)"
7,0.04616129341125488,0.04401273652911186,0.2097921269473949,0.10719344764947891,0.9282307624816895,Q + SGD + gated reuse,44,"(64, 1, 0.4)"
8,0.044259277683496474,0.04322799667716026,0.2079134355378706,0.11161135137081146,0.9295104146003723,Q + SGD + gated reuse,44,"(64, 1, 0.4)"
9,0.041416445326805114,0.04054716229438782,0.20136325954450532,0.10358032584190369,0.9338818788528442,Q + SGD + gated reuse,44,"(64, 1, 0.4)"
10,0.039659683021903036,0.04116977006196976,0.2029033515296624,0.11030305176973343,0.932866632938385,Q + SGD + gated reuse,44,"(64, 1, 0.4)"
11,0.0381533897280693,0.04364462569355965,0.20891296200465792,0.12393846362829208,0.9288310408592224,Q + SGD + gated reuse,44,"(64, 1, 0.4)"
12,0.03750481766164303,0.037271954119205475,0.1930594574715403,0.09837871789932251,0.9392226338386536,Q + SGD + gated reuse,44,"(64, 1, 0.4)"
13,0.03536093285679817,0.036451488733291626,0.19092272974502442,0.1047128289937973,0.940560519695282,Q + SGD + gated reuse,44,"(64, 1, 0.4)"
14,0.03417927704453468,0.034997377544641495,0.18707586040064467,0.09921713918447495,0.9429316520690918,Q + SGD + gated reuse,44,"(64, 1, 0.4)"
15,0.03283720492422581,0.034591589123010635,0.18598814242582948,0.1015300452709198,0.9435933232307434,Q + SGD + gated reuse,44,"(64, 1, 0.4)"
16,0.03168772342205048,0.03335877135396004,0.1826438374376755,0.09849370270967484,0.945603609085083,Q + SGD + gated reuse,44,"(64, 1, 0.4)"
17,0.03090473776757717,0.0322103276848793,0.1794723591110322,0.09692949056625366,0.947476327419281,Q + SGD + gated reuse,44,"(64, 1, 0.4)"
18,0.030094365280866623,0.03271464258432388,0.1808718955070795,0.10393208265304565,0.9466539621353149,Q + SGD + gated reuse,44,"(64, 1, 0.4)"
19,0.030155676305294036,0.03119722567498684,0.17662736389072572,0.09673231095075607,0.9491283297538757,Q + SGD + gated reuse,44,"(64, 1, 0.4)"
20,0.02894013854265213,0.0309057105332613,0.17580020060643076,0.09787330776453018,0.9496037364006042,Q + SGD + gated reuse,44,"(64, 1, 0.4)"
21,0.028544559907913207,0.030164258554577827,0.17367860707230995,0.09498792886734009,0.9508127570152283,Q + SGD + gated reuse,44,"(64, 1, 0.4)"
22,0.028141698722541332,0.03021848201751709,0.17383463986650385,0.09780436009168625,0.9507243633270264,Q + SGD + gated reuse,44,"(64, 1, 0.4)"
23,0.027864524364471434,0.030014894902706146,0.17324807330156994,0.09698855876922607,0.9510563015937805,Q + SGD + gated reuse,44,"(64, 1, 0.4)"
24,0.027476417753100394,0.031005872413516045,0.17608484436065486,0.10343418270349503,0.9494403600692749,Q + SGD + gated reuse,44,"(64, 1, 0.4)"
25,0.027517651879787445,0.02896643616259098,0.1701952883090216,0.0946594625711441,0.9527660012245178,Q + SGD + gated reuse,44,"(64, 1, 0.4)"
26,0.02736025592982769,0.02962648868560791,0.17212346930505412,0.10050396621227264,0.9516896605491638,Q + SGD + gated reuse,44,"(64, 1, 0.4)"
27,0.026648799300193787,0.03072914108633995,0.17529729343700648,0.10251984745264053,0.9498916268348694,Q + SGD + gated reuse,44,"(64, 1, 0.4)"
28,0.02663391655087471,0.028129979968070984,0.16771994505147855,0.09568806737661362,0.9541299343109131,Q + SGD + gated reuse,44,"(64, 1, 0.4)"
29,0.02619516826570034,0.028870459645986557,0.16991309439235858,0.09732013940811157,0.9529224634170532,Q + SGD + gated reuse,44,"(64, 1, 0.4)"
30,0.026219862961769105,0.03044486604630947,0.1744845725166253,0.10946284234523773,0.9503551721572876,Q + SGD + gated reuse,44,"(64, 1, 0.4)"
31,0.02537328767478466,0.0274715144187212,0.1657453300057688,0.0970757007598877,0.955203652381897,Q + SGD + gated reuse,44,"(64, 1, 0.4)"
32,0.025065556175261735,0.02638232335448265,0.16242636286786283,0.09308931976556778,0.9569797515869141,Q + SGD + gated reuse,44,"(64, 1, 0.4)"
33,0.024197342628240585,0.026615655049681664,0.16314305087769343,0.09887772053480148,0.9565992951393127,Q + SGD + gated reuse,44,"(64, 1, 0.4)"
34,0.024178877434134483,0.0258394293487072,0.16074647538502113,0.09464395046234131,0.9578649997711182,Q + SGD + gated reuse,44,"(64, 1, 0.4)"
35,0.024928435849398373,0.025594208389520645,0.15998190019349265,0.09134135395288467,0.9582648873329163,Q + SGD + gated reuse,44,"(64, 1, 0.4)"
36,0.023886398346722126,0.025751614943146706,0.1604730972566639,0.09727931767702103,0.9580082297325134,Q + SGD + gated reuse,44,"(64, 1, 0.4)"
37,0.023488574501127006,0.024323957040905952,0.15596139599563077,0.09053689241409302,0.9603362083435059,Q + SGD + gated reuse,44,"(64, 1, 0.4)"
38,0.023195598036050796,0.025247933343052864,0.1588959827782089,0.09656257182359695,0.9588295221328735,Q + SGD + gated reuse,44,"(64, 1, 0.4)"
39,0.02291295247077942,0.023979326710104942,0.15485259671734583,0.09128319472074509,0.9608981609344482,Q + SGD + gated reuse,44,"(64, 1, 0.4)"
40,0.02284925100952387,0.024610739201307297,0.15687810300136631,0.09273110330104828,0.9598685503005981,Q + SGD + gated reuse,44,"(64, 1, 0.4)"
41,0.02245517644882202,0.02382977306842804,0.15436895111526813,0.08969757705926895,0.9611420631408691,Q + SGD + gated reuse,44,"(64, 1, 0.4)"
42,0.022421117842197417,0.024927372112870216,0.15788404641657186,0.09720056504011154,0.9593522548675537,Q + SGD + gated reuse,44,"(64, 1, 0.4)"
43,0.02253860393166542,0.023076968267560005,0.15191105380307254,0.09064405411481857,0.9623696208000183,Q + SGD + gated reuse,44,"(64, 1, 0.4)"
44,0.02207324849963188,0.024964947253465652,0.1580029976091139,0.09060418605804443,0.9592909812927246,Q + SGD + gated reuse,44,"(64, 1, 0.4)"
45,0.02242092499136925,0.02323908917605877,0.15244372462013242,0.0900602787733078,0.9621052742004395,Q + SGD + gated reuse,44,"(64, 1, 0.4)"
46,0.02226742314696312,0.031171593815088272,0.17655478983898532,0.11362534016370773,0.9491701722145081,Q + SGD + gated reuse,44,"(64, 1, 0.4)"
47,0.024276610687375067,0.02301381528377533,0.1517030496851508,0.09114384651184082,0.9624726176261902,Q + SGD + gated reuse,44,"(64, 1, 0.4)"
48,0.02185869861319661,0.022868866100907326,0.15122455521808395,0.09072574973106384,0.9627089500427246,Q + SGD + gated reuse,44,"(64, 1, 0.4)"
49,0.0211710376650095,0.022359581664204597,0.14953120632230785,0.08950240164995193,0.9635394215583801,Q + SGD + gated reuse,44,"(64, 1, 0.4)"
50,0.02165141259431839,0.02307409606873989,0.15190159995450966,0.09425073117017746,0.9623743295669556,Q + SGD + gated reuse,44,"(64, 1, 0.4)"
1,0.39840902090072633,0.19018703699111938,0.43610438772284715,0.22856293618679047,0.689872145652771,Q + Adam + cold start,44,"(64, 2, 0.4)"
2,0.12639968812465668,0.08220703899860382,0.28671769913732886,0.15242548286914825,0.8659493923187256,Q + Adam + cold start,44,"(64, 2, 0.4)"
3,0.07473262860774994,0.05806080251932144,0.24095809286953082,0.13772420585155487,0.905323326587677,Q + Adam + cold start,44,"(64, 2, 0.4)"
4,0.062111082008481026,0.04853592440485954,0.2203087025173076,0.11431273072957993,0.9208550453186035,Q + Adam + cold start,44,"(64, 2, 0.4)"
5,0.0543907555937767,0.045435767620801926,0.2131566738828553,0.11336589604616165,0.9259103536605835,Q + Adam + cold start,44,"(64, 2, 0.4)"
6,0.05002902888953686,0.04294397309422493,0.20722927663393734,0.10900749266147614,0.9299735426902771,Q + Adam + cold start,44,"(64, 2, 0.4)"
7,0.04656036615371704,0.04026668518781662,0.20066560539319292,0.10844995081424713,0.9343392848968506,Q + Adam + cold start,44,"(64, 2, 0.4)"
8,0.04427067137360573,0.03916415199637413,0.19789934814539975,0.11215751618146896,0.9361370801925659,Q + Adam + cold start,44,"(64, 2, 0.4)"
9,0.040603325824439526,0.0362815260887146,0.19047710121879374,0.10283342003822327,0.9408376812934875,Q + Adam + cold start,44,"(64, 2, 0.4)"
10,0.03880780605077744,0.03797771781682968,0.1948787259216092,0.11239250749349594,0.9380717873573303,Q + Adam + cold start,44,"(64, 2, 0.4)"
11,0.03766815174818039,0.04129045456647873,0.20320052796801175,0.12848973274230957,0.9326698780059814,Q + Adam + cold start,44,"(64, 2, 0.4)"
12,0.03808977792263031,0.03453515097498894,0.18583635536403778,0.0970168337225914,0.9436853528022766,Q + Adam + cold start,44,"(64, 2, 0.4)"
13,0.035984386229515074,0.03560788556933403,0.18870051820102146,0.10890831053256989,0.9419361352920532,Q + Adam + cold start,44,"(64, 2, 0.4)"
14,0.03549777514338493,0.0337635800242424,0.18374868713610554,0.10109597444534302,0.9449435472488403,Q + Adam + cold start,44,"(64, 2, 0.4)"
15,0.0348893394947052,0.03386310860514641,0.1840193158479468,0.10163535177707672,0.9447812438011169,Q + Adam + cold start,44,"(64, 2, 0.4)"
16,0.03347173154354095,0.0335993655025959,0.18330129705650175,0.10068491101264954,0.9452112913131714,Q + Adam + cold start,44,"(64, 2, 0.4)"
17,0.03351646544337273,0.03230290487408638,0.1797300889503101,0.09557109326124191,0.9473253488540649,Q + Adam + cold start,44,"(64, 2, 0.4)"
18,0.03315065094828606,0.03355047479271889,0.18316788690356967,0.10559292137622833,0.9452910423278809,Q + Adam + cold start,44,"(64, 2, 0.4)"
19,0.033070850202441215,0.03242034837603569,0.18005651439488574,0.10343492776155472,0.9471338987350464,Q + Adam + cold start,44,"(64, 2, 0.4)"
20,0.03197910851240158,0.030450887978076935,0.1745018280078376,0.09512273967266083,0.9503453373908997,Q + Adam + cold start,44,"(64, 2, 0.4)"
21,0.031052904641628267,0.0301631111651659,0.17367530384359747,0.09486693888902664,0.9508146047592163,Q + Adam + cold start,44,"(64, 2, 0.4)"
22,0.030468165783584116,0.02961469069123268,0.17208919399902098,0.09535793215036392,0.9517089128494263,Q + Adam + cold start,44,"(64, 2, 0.4)"
23,0.030624619913101198,0.0303454902023077,0.17419957004053627,0.09937775880098343,0.9505172371864319,Q + Adam + cold start,44,"(64, 2, 0.4)"
24,0.030395680713653565,0.03223874419927597,0.17955150848510287,0.10832585394382477,0.9474300146102905,Q + Adam + cold start,44,"(64, 2, 0.4)"
25,0.029810298788547514,0.028966302052140236,0.17019489431866114,0.09442232549190521,0.9527661800384521,Q + Adam + cold start,44,"(64, 2, 0.4)"
26,0.029198620504140856,0.0282248817384243,0.16800262420100556,0.0943664088845253,0.9539752006530762,Q + Adam + cold start,44,"(64, 2, 0.4)"
27,0.028818389326334,0.028914066031575203,0.17004136564840686,0.10131300240755081,0.9528513550758362,Q + Adam + cold start,44,"(64, 2, 0.4)"
28,0.028517133623361588,0.031541891396045685,0.17760036992091455,0.11376345157623291,0.9485663175582886,Q + Adam + cold start,44,"(64, 2, 0.4)"
29,0.02878547807633877,0.027757547795772552,0.16660596566681685,0.09855565428733826,0.9547372460365295,Q + Adam + cold start,44,"(64, 2, 0.4)"
30,0.026894103491306304,0.03137211129069328,0.17712174143987316,0.11716396361589432,0.9488431811332703,Q + Adam + cold start,44,"(64, 2, 0.4)"
31,0.027026355288922787,0.026831859722733498,0.16380433365065009,0.09967192262411118,0.9562467336654663,Q + Adam + cold start,44,"(64, 2, 0.4)"
32,0.026771376322209835,0.02463642694056034,0.1569599533019819,0.09044773876667023,0.9598267078399658,Q + Adam + cold start,44,"(64, 2, 0.4)"
33,0.02560636355280876,0.02427683025598526,0.15581023796909257,0.09182948619127274,0.9604130983352661,Q + Adam + cold start,44,"(64, 2, 0.4)"
34,0.0251746414065361,0.025053678080439568,0.15828353698486639,0.09484634548425674,0.9591463208198547,Q + Adam + cold start,44,"(64, 2, 0.4)"
35,0.026484768069535494,0.02438702993094921,0.15616347182023463,0.09253309667110443,0.9602333903312683,Q + Adam + cold start,44,"(64, 2, 0.4)"
36,0.024547224709391594,0.023289281874895096,0.15260826280020062,0.09009481221437454,0.9620234370231628,Q + Adam + cold start,44,"(64, 2, 0.4)"
37,0.024098727845400573,0.02256939932703972,0.15023115298445833,0.08935133367776871,0.9631972908973694,Q + Adam + cold start,44,"(64, 2, 0.4)"
38,0.0249404834151268,0.026741961017251015,0.163529694603919,0.10675622522830963,0.956393301486969,Q + Adam + cold start,44,"(64, 2, 0.4)"
39,0.02427890729010105,0.02250957116484642,0.1500319004906837,0.0887426808476448,0.9632948637008667,Q + Adam + cold start,44,"(64, 2, 0.4)"
40,0.024040103036165238,0.02342788316309452,0.15306169724360996,0.09252171218395233,0.9617974162101746,Q + Adam + cold start,44,"(64, 2, 0.4)"
41,0.023240701487660408,0.023324469104409218,0.1527235054089881,0.08841059356927872,0.9619660377502441,Q + Adam + cold start,44,"(64, 2, 0.4)"
42,0.023314844772219658,0.022258920595049858,0.14919423780779825,0.0885123461484909,0.9637035727500916,Q + Adam + cold start,44,"(64, 2, 0.4)"
43,0.022753884729743004,0.022546926513314247,0.15015634023681534,0.08983293920755386,0.9632339477539062,Q + Adam + cold start,44,"(64, 2, 0.4)"
44,0.02274626349955797,0.024530453607439995,0.15662200869430834,0.09544604271650314,0.9599995017051697,Q + Adam + cold start,44,"(64, 2, 0.4)"
45,0.023085271927714347,0.02369626611471176,0.1539359156100738,0.09136880934238434,0.9613597393035889,Q + Adam + cold start,44,"(64, 2, 0.4)"
46,0.022726532021164893,0.028336532413959503,0.1683345847232811,0.10897873342037201,0.9537931084632874,Q + Adam + cold start,44,"(64, 2, 0.4)"
47,0.02377928702533245,0.023086484521627426,0.15194237237067026,0.09526825696229935,0.9623541235923767,Q + Adam + cold start,44,"(64, 2, 0.4)"
1,0.4418043394804001,0.2543698251247406,0.504350894838842,0.27309784293174744,0.5852127075195312,Q + Adam + direct reuse,44,"(64, 1, 0.4)"
2,0.15851764469146729,0.10503964871168137,0.32409820843639564,0.16226352751255035,0.8287174701690674,Q + Adam + direct reuse,44,"(64, 1, 0.4)"
3,0.08425125079154969,0.07114498317241669,0.2667301692205377,0.13406820595264435,0.8839876651763916,Q + Adam + direct reuse,44,"(64, 1, 0.4)"
4,0.06416725684702397,0.06173928827047348,0.24847391869263358,0.1482265144586563,0.8993250131607056,Q + Adam + direct reuse,44,"(64, 1, 0.4)"
5,0.055005400907993315,0.05119984596967697,0.22627382961729572,0.11725230515003204,0.9165111184120178,Q + Adam + direct reuse,44,"(64, 1, 0.4)"
6,0.0493636030048132,0.04766162112355232,0.2183154165961541,0.11090986430644989,0.9222807288169861,Q + Adam + direct reuse,44,"(64, 1, 0.4)"
7,0.04616129341125488,0.04401273652911186,0.2097921269473949,0.10719344764947891,0.9282307624816895,Q + Adam + direct reuse,44,"(64, 1, 0.4)"
8,0.044259277683496474,0.04322799667716026,0.2079134355378706,0.11161135137081146,0.9295104146003723,Q + Adam + direct reuse,44,"(64, 1, 0.4)"
9,0.041416445326805114,0.04054716229438782,0.20136325954450532,0.10358032584190369,0.9338818788528442,Q + Adam + direct reuse,44,"(64, 1, 0.4)"
10,0.039659683021903036,0.04116977006196976,0.2029033515296624,0.11030305176973343,0.932866632938385,Q + Adam + direct reuse,44,"(64, 1, 0.4)"
11,0.0381533897280693,0.04364462569355965,0.20891296200465792,0.12393846362829208,0.9288310408592224,Q + Adam + direct reuse,44,"(64, 1, 0.4)"
12,0.03750481766164303,0.037271954119205475,0.1930594574715403,0.09837871789932251,0.9392226338386536,Q + Adam + direct reuse,44,"(64, 1, 0.4)"
13,0.03536093285679817,0.036451488733291626,0.19092272974502442,0.1047128289937973,0.940560519695282,Q + Adam + direct reuse,44,"(64, 1, 0.4)"
14,0.03417927704453468,0.034997377544641495,0.18707586040064467,0.09921713918447495,0.9429316520690918,Q + Adam + direct reuse,44,"(64, 1, 0.4)"
15,0.03283720492422581,0.034591589123010635,0.18598814242582948,0.1015300452709198,0.9435933232307434,Q + Adam + direct reuse,44,"(64, 1, 0.4)"
16,0.03168772342205048,0.03335877135396004,0.1826438374376755,0.09849370270967484,0.945603609085083,Q + Adam + direct reuse,44,"(64, 1, 0.4)"
17,0.03090473776757717,0.0322103276848793,0.1794723591110322,0.09692949056625366,0.947476327419281,Q + Adam + direct reuse,44,"(64, 1, 0.4)"
18,0.030094365280866623,0.03271464258432388,0.1808718955070795,0.10393208265304565,0.9466539621353149,Q + Adam + direct reuse,44,"(64, 1, 0.4)"
19,0.030155676305294036,0.03119722567498684,0.17662736389072572,0.09673231095075607,0.9491283297538757,Q + Adam + direct reuse,44,"(64, 1, 0.4)"
20,0.02894013854265213,0.0309057105332613,0.17580020060643076,0.09787330776453018,0.9496037364006042,Q + Adam + direct reuse,44,"(64, 1, 0.4)"
21,0.028544559907913207,0.030164258554577827,0.17367860707230995,0.09498792886734009,0.9508127570152283,Q + Adam + direct reuse,44,"(64, 1, 0.4)"
22,0.028141698722541332,0.03021848201751709,0.17383463986650385,0.09780436009168625,0.9507243633270264,Q + Adam + direct reuse,44,"(64, 1, 0.4)"
23,0.027864524364471434,0.030014894902706146,0.17324807330156994,0.09698855876922607,0.9510563015937805,Q + Adam + direct reuse,44,"(64, 1, 0.4)"
24,0.027476417753100394,0.031005872413516045,0.17608484436065486,0.10343418270349503,0.9494403600692749,Q + Adam + direct reuse,44,"(64, 1, 0.4)"
25,0.027517651879787445,0.02896643616259098,0.1701952883090216,0.0946594625711441,0.9527660012245178,Q + Adam + direct reuse,44,"(64, 1, 0.4)"
26,0.02736025592982769,0.02962648868560791,0.17212346930505412,0.10050396621227264,0.9516896605491638,Q + Adam + direct reuse,44,"(64, 1, 0.4)"
27,0.026648799300193787,0.03072914108633995,0.17529729343700648,0.10251984745264053,0.9498916268348694,Q + Adam + direct reuse,44,"(64, 1, 0.4)"
28,0.02663391655087471,0.028129979968070984,0.16771994505147855,0.09568806737661362,0.9541299343109131,Q + Adam + direct reuse,44,"(64, 1, 0.4)"
29,0.02619516826570034,0.028870459645986557,0.16991309439235858,0.09732013940811157,0.9529224634170532,Q + Adam + direct reuse,44,"(64, 1, 0.4)"
30,0.026219862961769105,0.03044486604630947,0.1744845725166253,0.10946284234523773,0.9503551721572876,Q + Adam + direct reuse,44,"(64, 1, 0.4)"
31,0.02537328767478466,0.0274715144187212,0.1657453300057688,0.0970757007598877,0.955203652381897,Q + Adam + direct reuse,44,"(64, 1, 0.4)"
32,0.025065556175261735,0.02638232335448265,0.16242636286786283,0.09308931976556778,0.9569797515869141,Q + Adam + direct reuse,44,"(64, 1, 0.4)"
33,0.024197342628240585,0.026615655049681664,0.16314305087769343,0.09887772053480148,0.9565992951393127,Q + Adam + direct reuse,44,"(64, 1, 0.4)"
34,0.024178877434134483,0.0258394293487072,0.16074647538502113,0.09464395046234131,0.9578649997711182,Q + Adam + direct reuse,44,"(64, 1, 0.4)"
35,0.024928435849398373,0.025594208389520645,0.15998190019349265,0.09134135395288467,0.9582648873329163,Q + Adam + direct reuse,44,"(64, 1, 0.4)"
36,0.023886398346722126,0.025751614943146706,0.1604730972566639,0.09727931767702103,0.9580082297325134,Q + Adam + direct reuse,44,"(64, 1, 0.4)"
37,0.023488574501127006,0.024323957040905952,0.15596139599563077,0.09053689241409302,0.9603362083435059,Q + Adam + direct reuse,44,"(64, 1, 0.4)"
38,0.023195598036050796,0.025247933343052864,0.1588959827782089,0.09656257182359695,0.9588295221328735,Q + Adam + direct reuse,44,"(64, 1, 0.4)"
39,0.02291295247077942,0.023979326710104942,0.15485259671734583,0.09128319472074509,0.9608981609344482,Q + Adam + direct reuse,44,"(64, 1, 0.4)"
40,0.02284925100952387,0.024610739201307297,0.15687810300136631,0.09273110330104828,0.9598685503005981,Q + Adam + direct reuse,44,"(64, 1, 0.4)"
41,0.02245517644882202,0.02382977306842804,0.15436895111526813,0.08969757705926895,0.9611420631408691,Q + Adam + direct reuse,44,"(64, 1, 0.4)"
42,0.022421117842197417,0.024927372112870216,0.15788404641657186,0.09720056504011154,0.9593522548675537,Q + Adam + direct reuse,44,"(64, 1, 0.4)"
43,0.02253860393166542,0.023076968267560005,0.15191105380307254,0.09064405411481857,0.9623696208000183,Q + Adam + direct reuse,44,"(64, 1, 0.4)"
44,0.02207324849963188,0.024964947253465652,0.1580029976091139,0.09060418605804443,0.9592909812927246,Q + Adam + direct reuse,44,"(64, 1, 0.4)"
45,0.02242092499136925,0.02323908917605877,0.15244372462013242,0.0900602787733078,0.9621052742004395,Q + Adam + direct reuse,44,"(64, 1, 0.4)"
46,0.02226742314696312,0.031171593815088272,0.17655478983898532,0.11362534016370773,0.9491701722145081,Q + Adam + direct reuse,44,"(64, 1, 0.4)"
47,0.024276610687375067,0.02301381528377533,0.1517030496851508,0.09114384651184082,0.9624726176261902,Q + Adam + direct reuse,44,"(64, 1, 0.4)"
48,0.02185869861319661,0.022868866100907326,0.15122455521808395,0.09072574973106384,0.9627089500427246,Q + Adam + direct reuse,44,"(64, 1, 0.4)"
49,0.0211710376650095,0.022359581664204597,0.14953120632230785,0.08950240164995193,0.9635394215583801,Q + Adam + direct reuse,44,"(64, 1, 0.4)"
50,0.02165141259431839,0.02307409606873989,0.15190159995450966,0.09425073117017746,0.9623743295669556,Q + Adam + direct reuse,44,"(64, 1, 0.4)"
1,0.40612658870220186,0.17714712023735046,0.42088848907679866,0.22776098549365997,0.7094631195068359,Q + Adam + gated reuse,55,"(64, 2, 0.0)"
2,0.11455750347971916,0.07813092321157455,0.27951909274962694,0.18307724595069885,0.8718584179878235,Q + Adam + gated reuse,55,"(64, 2, 0.0)"
3,0.061693802869319914,0.04616161063313484,0.21485253229397797,0.1220017820596695,0.9242908954620361,Q + Adam + gated reuse,55,"(64, 2, 0.0)"
4,0.04442218079566956,0.06632649153470993,0.2575393009517381,0.20056183636188507,0.8912187218666077,Q + Adam + gated reuse,55,"(64, 2, 0.0)"
5,0.04156398067176342,0.03548852354288101,0.18838397899736858,0.10287919640541077,0.9417957067489624,Q + Adam + gated reuse,55,"(64, 2, 0.0)"
6,0.03456305881142616,0.03310678154230118,0.1819526903958861,0.10002543032169342,0.9457019567489624,Q + Adam + gated reuse,55,"(64, 2, 0.0)"
7,0.03369330701231957,0.04488850757479668,0.21186908121478384,0.14706258475780487,0.9263789057731628,Q + Adam + gated reuse,55,"(64, 2, 0.0)"
8,0.03367261872291565,0.04124246537685394,0.20308241030885452,0.13642042875289917,0.9323587417602539,Q + Adam + gated reuse,55,"(64, 2, 0.0)"
9,0.03403325259387493,0.03271440044045448,0.1808712261263645,0.10188663005828857,0.9463455080986023,Q + Adam + gated reuse,55,"(64, 2, 0.0)"
10,0.03262362049818039,0.03281109035015106,0.18113831828233104,0.10066235065460205,0.946186900138855,Q + Adam + gated reuse,55,"(64, 2, 0.0)"
11,0.03200222989320755,0.0336298905313015,0.1833845427818318,0.10664241760969162,0.9448440074920654,Q + Adam + gated reuse,55,"(64, 2, 0.0)"
12,0.03176306441873312,0.03203527256846428,0.17898400087288327,0.10164667665958405,0.94745934009552,Q + Adam + gated reuse,55,"(64, 2, 0.0)"
13,0.03183453321903944,0.03539018705487251,0.18812279780736973,0.11355207860469818,0.9419569969177246,Q + Adam + gated reuse,55,"(64, 2, 0.0)"
14,0.031480386865884065,0.031457915902137756,0.17736379535332952,0.09988892078399658,0.9484062790870667,Q + Adam + gated reuse,55,"(64, 2, 0.0)"
15,0.031101575522124766,0.03257352113723755,0.18048135952844976,0.10672967880964279,0.9465765357017517,Q + Adam + gated reuse,55,"(64, 2, 0.0)"
16,0.030632210098206998,0.031109223142266273,0.17637806876782122,0.10069844871759415,0.9489781260490417,Q + Adam + gated reuse,55,"(64, 2, 0.0)"
17,0.029679309533536435,0.02968660369515419,0.17229800838998166,0.09769969433546066,0.9513113498687744,Q + Adam + gated reuse,55,"(64, 2, 0.0)"
18,0.02884684932231903,0.034998271614313126,0.18707824997661573,0.11878962069749832,0.9425997734069824,Q + Adam + gated reuse,55,"(64, 2, 0.0)"
19,0.03070555102825165,0.029074575752019882,0.17051268501791847,0.1003449410200119,0.9523151516914368,Q + Adam + gated reuse,55,"(64, 2, 0.0)"
20,0.028470456624031068,0.028475241735577583,0.1687460865785562,0.09955766052007675,0.9532980918884277,Q + Adam + gated reuse,55,"(64, 2, 0.0)"
21,0.028423451006412505,0.028036577627062798,0.167441266201205,0.10026666522026062,0.9540175199508667,Q + Adam + gated reuse,55,"(64, 2, 0.0)"
22,0.02785044071674347,0.026726270094513893,0.16348171180445198,0.0971432775259018,0.9561665654182434,Q + Adam + gated reuse,55,"(64, 2, 0.0)"
23,0.026418081322312353,0.02739417739212513,0.16551186480770835,0.10012886673212051,0.9550711512565613,Q + Adam + gated reuse,55,"(64, 2, 0.0)"
24,0.026132279813289642,0.02549506165087223,0.159671730907109,0.09560522437095642,0.9581858515739441,Q + Adam + gated reuse,55,"(64, 2, 0.0)"
25,0.025496242654323577,0.026074359193444252,0.16147556841034574,0.10180263221263885,0.9572357535362244,Q + Adam + gated reuse,55,"(64, 2, 0.0)"
26,0.02479425091743469,0.02456599846482277,0.1567354409979529,0.09556949138641357,0.9597095847129822,Q + Adam + gated reuse,55,"(64, 2, 0.0)"
27,0.024843218991160394,0.026655297726392746,0.16326450234632373,0.10782407224178314,0.9562829732894897,Q + Adam + gated reuse,55,"(64, 2, 0.0)"
28,0.02469192774295807,0.030007898807525635,0.17322788114944324,0.11812660843133926,0.9507843852043152,Q + Adam + gated reuse,55,"(64, 2, 0.0)"
29,0.025601357769966124,0.02600010111927986,0.16124546852324212,0.09983951598405838,0.9573575258255005,Q + Adam + gated reuse,55,"(64, 2, 0.0)"
30,0.02674296556413174,0.02407369390130043,0.15515699759050647,0.09271697700023651,0.9605170488357544,Q + Adam + gated reuse,55,"(64, 2, 0.0)"
31,0.02289163635969162,0.022504301741719246,0.15001433845375997,0.09142177551984787,0.9630909562110901,Q + Adam + gated reuse,55,"(64, 2, 0.0)"
32,0.022650912460684777,0.023080574348568916,0.15192292239345884,0.09234358370304108,0.9621458053588867,Q + Adam + gated reuse,55,"(64, 2, 0.0)"
33,0.021813580858707427,0.023844515904784203,0.15441669568017638,0.08981156349182129,0.960892915725708,Q + Adam + gated reuse,55,"(64, 2, 0.0)"
34,0.022486519891023637,0.02349085360765457,0.15326726202178523,0.09024864435195923,0.9614729285240173,Q + Adam + gated reuse,55,"(64, 2, 0.0)"
35,0.021783991864323615,0.02201349101960659,0.14836944098973545,0.0899050161242485,0.9638959169387817,Q + Adam + gated reuse,55,"(64, 2, 0.0)"
36,0.021301060342788697,0.023857254534959793,0.1544579377531624,0.099742591381073,0.9608719944953918,Q + Adam + gated reuse,55,"(64, 2, 0.0)"
37,0.021548386415839196,0.02358374558389187,0.15357000222664538,0.1001889556646347,0.9613205790519714,Q + Adam + gated reuse,55,"(64, 2, 0.0)"
38,0.022593223464488985,0.022602245211601257,0.1503404310609799,0.08948276191949844,0.9629303216934204,Q + Adam + gated reuse,55,"(64, 2, 0.0)"
39,0.02168122299015522,0.02114677056670189,0.14541929227823208,0.08847474306821823,0.96531742811203,Q + Adam + gated reuse,55,"(64, 2, 0.0)"
40,0.020152202597260475,0.0209726020693779,0.1448192047671092,0.08774210512638092,0.9656031131744385,Q + Adam + gated reuse,55,"(64, 2, 0.0)"
41,0.019962827387452125,0.02072177827358246,0.14395061053563635,0.08788338303565979,0.9660144448280334,Q + Adam + gated reuse,55,"(64, 2, 0.0)"
42,0.02025247277021408,0.0236191488802433,0.15368522661675488,0.09471087902784348,0.9612625241279602,Q + Adam + gated reuse,55,"(64, 2, 0.0)"
43,0.01972662444785237,0.020890019834041595,0.14453380170064578,0.0854828953742981,0.9657385349273682,Q + Adam + gated reuse,55,"(64, 2, 0.0)"
44,0.018779323410987855,0.025205811485648155,0.158763382067932,0.10571683198213577,0.9586602449417114,Q + Adam + gated reuse,55,"(64, 2, 0.0)"
45,0.019463625042140484,0.020948713645339012,0.14473670455464643,0.08749537169933319,0.9656422734260559,Q + Adam + gated reuse,55,"(64, 2, 0.0)"
46,0.01890760159790516,0.020632071420550346,0.1436386835798433,0.08767054975032806,0.9661616086959839,Q + Adam + gated reuse,55,"(64, 2, 0.0)"
47,0.019171676993370055,0.021503783762454987,0.1466416849414074,0.08725356310606003,0.9647319316864014,Q + Adam + gated reuse,55,"(64, 2, 0.0)"
48,0.01910960945188999,0.02124490775167942,0.14575633005698044,0.08723960816860199,0.9651564955711365,Q + Adam + gated reuse,55,"(64, 2, 0.0)"
49,0.01887270023971796,0.020792610943317413,0.14419643179814615,0.08734796196222305,0.9658982753753662,Q + Adam + gated reuse,55,"(64, 2, 0.0)"
50,0.018762158327549697,0.020681314170360565,0.14380999329101077,0.09097500145435333,0.9660808444023132,Q + Adam + gated reuse,55,"(64, 2, 0.0)"
1,0.40612658870220186,0.17714712023735046,0.42088848907679866,0.22776098549365997,0.7094631195068359,Random + Adam + gated reuse,55,"(64, 2, 0.0)"
2,0.11455750347971916,0.07813092321157455,0.27951909274962694,0.18307724595069885,0.8718584179878235,Random + Adam + gated reuse,55,"(64, 2, 0.0)"
3,0.061693802869319914,0.04616161063313484,0.21485253229397797,0.1220017820596695,0.9242908954620361,Random + Adam + gated reuse,55,"(64, 2, 0.0)"
4,0.04442218079566956,0.06632649153470993,0.2575393009517381,0.20056183636188507,0.8912187218666077,Random + Adam + gated reuse,55,"(64, 2, 0.0)"
5,0.04156398067176342,0.03548852354288101,0.18838397899736858,0.10287919640541077,0.9417957067489624,Random + Adam + gated reuse,55,"(64, 2, 0.0)"
6,0.03456305881142616,0.03310678154230118,0.1819526903958861,0.10002543032169342,0.9457019567489624,Random + Adam + gated reuse,55,"(64, 2, 0.0)"
7,0.03369330701231957,0.04488850757479668,0.21186908121478384,0.14706258475780487,0.9263789057731628,Random + Adam + gated reuse,55,"(64, 2, 0.0)"
8,0.03367261872291565,0.04124246537685394,0.20308241030885452,0.13642042875289917,0.9323587417602539,Random + Adam + gated reuse,55,"(64, 2, 0.0)"
9,0.03403325259387493,0.03271440044045448,0.1808712261263645,0.10188663005828857,0.9463455080986023,Random + Adam + gated reuse,55,"(64, 2, 0.0)"
10,0.03262362049818039,0.03281109035015106,0.18113831828233104,0.10066235065460205,0.946186900138855,Random + Adam + gated reuse,55,"(64, 2, 0.0)"
11,0.03200222989320755,0.0336298905313015,0.1833845427818318,0.10664241760969162,0.9448440074920654,Random + Adam + gated reuse,55,"(64, 2, 0.0)"
12,0.03176306441873312,0.03203527256846428,0.17898400087288327,0.10164667665958405,0.94745934009552,Random + Adam + gated reuse,55,"(64, 2, 0.0)"
13,0.03183453321903944,0.03539018705487251,0.18812279780736973,0.11355207860469818,0.9419569969177246,Random + Adam + gated reuse,55,"(64, 2, 0.0)"
14,0.031480386865884065,0.031457915902137756,0.17736379535332952,0.09988892078399658,0.9484062790870667,Random + Adam + gated reuse,55,"(64, 2, 0.0)"
15,0.031101575522124766,0.03257352113723755,0.18048135952844976,0.10672967880964279,0.9465765357017517,Random + Adam + gated reuse,55,"(64, 2, 0.0)"
16,0.030632210098206998,0.031109223142266273,0.17637806876782122,0.10069844871759415,0.9489781260490417,Random + Adam + gated reuse,55,"(64, 2, 0.0)"
17,0.029679309533536435,0.02968660369515419,0.17229800838998166,0.09769969433546066,0.9513113498687744,Random + Adam + gated reuse,55,"(64, 2, 0.0)"
18,0.02884684932231903,0.034998271614313126,0.18707824997661573,0.11878962069749832,0.9425997734069824,Random + Adam + gated reuse,55,"(64, 2, 0.0)"
19,0.03070555102825165,0.029074575752019882,0.17051268501791847,0.1003449410200119,0.9523151516914368,Random + Adam + gated reuse,55,"(64, 2, 0.0)"
20,0.028470456624031068,0.028475241735577583,0.1687460865785562,0.09955766052007675,0.9532980918884277,Random + Adam + gated reuse,55,"(64, 2, 0.0)"
21,0.028423451006412505,0.028036577627062798,0.167441266201205,0.10026666522026062,0.9540175199508667,Random + Adam + gated reuse,55,"(64, 2, 0.0)"
22,0.02785044071674347,0.026726270094513893,0.16348171180445198,0.0971432775259018,0.9561665654182434,Random + Adam + gated reuse,55,"(64, 2, 0.0)"
23,0.026418081322312353,0.02739417739212513,0.16551186480770835,0.10012886673212051,0.9550711512565613,Random + Adam + gated reuse,55,"(64, 2, 0.0)"
24,0.026132279813289642,0.02549506165087223,0.159671730907109,0.09560522437095642,0.9581858515739441,Random + Adam + gated reuse,55,"(64, 2, 0.0)"
25,0.025496242654323577,0.026074359193444252,0.16147556841034574,0.10180263221263885,0.9572357535362244,Random + Adam + gated reuse,55,"(64, 2, 0.0)"
26,0.02479425091743469,0.02456599846482277,0.1567354409979529,0.09556949138641357,0.9597095847129822,Random + Adam + gated reuse,55,"(64, 2, 0.0)"
27,0.024843218991160394,0.026655297726392746,0.16326450234632373,0.10782407224178314,0.9562829732894897,Random + Adam + gated reuse,55,"(64, 2, 0.0)"
28,0.02469192774295807,0.030007898807525635,0.17322788114944324,0.11812660843133926,0.9507843852043152,Random + Adam + gated reuse,55,"(64, 2, 0.0)"
29,0.025601357769966124,0.02600010111927986,0.16124546852324212,0.09983951598405838,0.9573575258255005,Random + Adam + gated reuse,55,"(64, 2, 0.0)"
30,0.02674296556413174,0.02407369390130043,0.15515699759050647,0.09271697700023651,0.9605170488357544,Random + Adam + gated reuse,55,"(64, 2, 0.0)"
31,0.02289163635969162,0.022504301741719246,0.15001433845375997,0.09142177551984787,0.9630909562110901,Random + Adam + gated reuse,55,"(64, 2, 0.0)"
32,0.022650912460684777,0.023080574348568916,0.15192292239345884,0.09234358370304108,0.9621458053588867,Random + Adam + gated reuse,55,"(64, 2, 0.0)"
33,0.021813580858707427,0.023844515904784203,0.15441669568017638,0.08981156349182129,0.960892915725708,Random + Adam + gated reuse,55,"(64, 2, 0.0)"
34,0.022486519891023637,0.02349085360765457,0.15326726202178523,0.09024864435195923,0.9614729285240173,Random + Adam + gated reuse,55,"(64, 2, 0.0)"
35,0.021783991864323615,0.02201349101960659,0.14836944098973545,0.0899050161242485,0.9638959169387817,Random + Adam + gated reuse,55,"(64, 2, 0.0)"
36,0.021301060342788697,0.023857254534959793,0.1544579377531624,0.099742591381073,0.9608719944953918,Random + Adam + gated reuse,55,"(64, 2, 0.0)"
37,0.021548386415839196,0.02358374558389187,0.15357000222664538,0.1001889556646347,0.9613205790519714,Random + Adam + gated reuse,55,"(64, 2, 0.0)"
38,0.022593223464488985,0.022602245211601257,0.1503404310609799,0.08948276191949844,0.9629303216934204,Random + Adam + gated reuse,55,"(64, 2, 0.0)"
39,0.02168122299015522,0.02114677056670189,0.14541929227823208,0.08847474306821823,0.96531742811203,Random + Adam + gated reuse,55,"(64, 2, 0.0)"
40,0.020152202597260475,0.0209726020693779,0.1448192047671092,0.08774210512638092,0.9656031131744385,Random + Adam + gated reuse,55,"(64, 2, 0.0)"
41,0.019962827387452125,0.02072177827358246,0.14395061053563635,0.08788338303565979,0.9660144448280334,Random + Adam + gated reuse,55,"(64, 2, 0.0)"
42,0.02025247277021408,0.0236191488802433,0.15368522661675488,0.09471087902784348,0.9612625241279602,Random + Adam + gated reuse,55,"(64, 2, 0.0)"
43,0.01972662444785237,0.020890019834041595,0.14453380170064578,0.0854828953742981,0.9657385349273682,Random + Adam + gated reuse,55,"(64, 2, 0.0)"
44,0.018779323410987855,0.025205811485648155,0.158763382067932,0.10571683198213577,0.9586602449417114,Random + Adam + gated reuse,55,"(64, 2, 0.0)"
45,0.019463625042140484,0.020948713645339012,0.14473670455464643,0.08749537169933319,0.9656422734260559,Random + Adam + gated reuse,55,"(64, 2, 0.0)"
46,0.01890760159790516,0.020632071420550346,0.1436386835798433,0.08767054975032806,0.9661616086959839,Random + Adam + gated reuse,55,"(64, 2, 0.0)"
47,0.019171676993370055,0.021503783762454987,0.1466416849414074,0.08725356310606003,0.9647319316864014,Random + Adam + gated reuse,55,"(64, 2, 0.0)"
48,0.01910960945188999,0.02124490775167942,0.14575633005698044,0.08723960816860199,0.9651564955711365,Random + Adam + gated reuse,55,"(64, 2, 0.0)"
49,0.01887270023971796,0.020792610943317413,0.14419643179814615,0.08734796196222305,0.9658982753753662,Random + Adam + gated reuse,55,"(64, 2, 0.0)"
50,0.018762158327549697,0.020681314170360565,0.14380999329101077,0.09097500145435333,0.9660808444023132,Random + Adam + gated reuse,55,"(64, 2, 0.0)"
1,0.45034041039943695,0.2376214563846588,0.4874643129344535,0.26537108421325684,0.61027991771698,Q + SGD + gated reuse,55,"(64, 1, 0.0)"
2,0.15750970565974712,0.09211905300617218,0.3035112073814939,0.15687522292137146,0.8489166498184204,Q + SGD + gated reuse,55,"(64, 1, 0.0)"
3,0.083173312997818,0.06132078170776367,0.24763033276996513,0.13131873309612274,0.8994285464286804,Q + SGD + gated reuse,55,"(64, 1, 0.0)"
4,0.0633424374461174,0.05375242233276367,0.2318456864657259,0.13048049807548523,0.9118412733078003,Q + SGD + gated reuse,55,"(64, 1, 0.0)"
5,0.05565828105807304,0.04804131016135216,0.2191832798398458,0.12006174027919769,0.9212080240249634,Q + SGD + gated reuse,55,"(64, 1, 0.0)"
6,0.05022433106452227,0.04415706917643547,0.2101358350601712,0.11523062735795975,0.9275785088539124,Q + SGD + gated reuse,55,"(64, 1, 0.0)"
7,0.046749347722530366,0.06058064103126526,0.24613134914363358,0.178466796875,0.900642454624176,Q + SGD + gated reuse,55,"(64, 1, 0.0)"
8,0.045235188031196596,0.0502307154238224,0.2241220993651059,0.15111376345157623,0.9176172018051147,Q + SGD + gated reuse,55,"(64, 1, 0.0)"
9,0.04325212067961693,0.03775345906615257,0.1943024937208799,0.10401857644319534,0.9380810260772705,Q + SGD + gated reuse,55,"(64, 1, 0.0)"
10,0.039377678576111796,0.0365656353533268,0.19122143016232987,0.10403750091791153,0.9400291442871094,Q + SGD + gated reuse,55,"(64, 1, 0.0)"
11,0.03734199835062027,0.03489440307021141,0.1868004364829253,0.10035121440887451,0.9427701234817505,Q + SGD + gated reuse,55,"(64, 1, 0.0)"
12,0.03583263783454895,0.03321731090545654,0.18225616836051542,0.0984402596950531,0.9455206990242004,Q + SGD + gated reuse,55,"(64, 1, 0.0)"
13,0.034168073008954525,0.03384837135672569,0.18397926882321738,0.10495077818632126,0.9444857239723206,Q + SGD + gated reuse,55,"(64, 1, 0.0)"
14,0.03270986782386899,0.031748827546834946,0.17818200679876448,0.09687256067991257,0.9479291439056396,Q + SGD + gated reuse,55,"(64, 1, 0.0)"
15,0.03187408621609211,0.030786428600549698,0.17546061837503507,0.0968995988368988,0.9495075345039368,Q + SGD + gated reuse,55,"(64, 1, 0.0)"
16,0.030713496831059457,0.029575567692518234,0.17197548573130483,0.09579446166753769,0.951493501663208,Q + SGD + gated reuse,55,"(64, 1, 0.0)"
17,0.03011049913764,0.029638152569532394,0.1721573482879322,0.09648425132036209,0.95139080286026,Q + SGD + gated reuse,55,"(64, 1, 0.0)"
18,0.02918853268623352,0.03419942781329155,0.18493087306691533,0.11550381779670715,0.9439099431037903,Q + SGD + gated reuse,55,"(64, 1, 0.0)"
19,0.031169607377052308,0.029263542965054512,0.17106590240329753,0.09853030741214752,0.9520052075386047,Q + SGD + gated reuse,55,"(64, 1, 0.0)"
20,0.028779994481801987,0.028636159375309944,0.16922221891734532,0.09681062400341034,0.9530341625213623,Q + SGD + gated reuse,55,"(64, 1, 0.0)"
21,0.02800678687095642,0.032773707062006,0.18103509897808767,0.1110241487622261,0.9462482333183289,Q + SGD + gated reuse,55,"(64, 1, 0.0)"
22,0.028832987278699877,0.028730273246765137,0.16950006857451455,0.09973450005054474,0.9528798460960388,Q + SGD + gated reuse,55,"(64, 1, 0.0)"
23,0.027457463011145593,0.028502771630883217,0.16882763882398882,0.09971286356449127,0.9532529711723328,Q + SGD + gated reuse,55,"(64, 1, 0.0)"
24,0.027508221741020678,0.026913439854979515,0.16405316167321957,0.09480222314596176,0.9558596014976501,Q + SGD + gated reuse,55,"(64, 1, 0.0)"
25,0.02665058043897152,0.027262751013040543,0.1651143573800914,0.09823581576347351,0.9552866816520691,Q + SGD + gated reuse,55,"(64, 1, 0.0)"
26,0.02656275766789913,0.027261123061180115,0.165109427535741,0.09769769012928009,0.955289363861084,Q + SGD + gated reuse,55,"(64, 1, 0.0)"
27,0.026418034982681273,0.026241134852170944,0.16199115670977518,0.09650670737028122,0.9569622278213501,Q + SGD + gated reuse,55,"(64, 1, 0.0)"
28,0.02582620323896408,0.027598358690738678,0.16612753742453018,0.10145068168640137,0.9547362923622131,Q + SGD + gated reuse,55,"(64, 1, 0.0)"
29,0.02584366027712822,0.02624342404305935,0.16199822234536818,0.09420790523290634,0.9569584727287292,Q + SGD + gated reuse,55,"(64, 1, 0.0)"
30,0.026503549137711524,0.02659284882247448,0.16307313948800545,0.09804631769657135,0.9563853740692139,Q + SGD + gated reuse,55,"(64, 1, 0.0)"
31,0.02454025262892246,0.024344542995095253,0.15602737899194247,0.09287995845079422,0.9600728154182434,Q + SGD + gated reuse,55,"(64, 1, 0.0)"
32,0.02397359843403101,0.02503320574760437,0.1582188539574357,0.09489506483078003,0.9589433670043945,Q + SGD + gated reuse,55,"(64, 1, 0.0)"
33,0.02375182781815529,0.026194293051958084,0.16184651078091886,0.10093123465776443,0.9570390582084656,Q + SGD + gated reuse,55,"(64, 1, 0.0)"
34,0.02495295334458351,0.02506749890744686,0.1583271894130849,0.09187455475330353,0.9588871002197266,Q + SGD + gated reuse,55,"(64, 1, 0.0)"
35,0.02325988649725914,0.02403581328690052,0.15503487764661383,0.09093189239501953,0.9605791568756104,Q + SGD + gated reuse,55,"(64, 1, 0.0)"
36,0.022966298335790634,0.023710530251264572,0.15398224005145714,0.09385509043931961,0.9611126184463501,Q + SGD + gated reuse,55,"(64, 1, 0.0)"
37,0.022734950977563857,0.0258345827460289,0.16073139937805836,0.1002664640545845,0.9576290249824524,Q + SGD + gated reuse,55,"(64, 1, 0.0)"
38,0.023444812613725663,0.024310998618602753,0.15591984677584425,0.09335444122552872,0.9601278305053711,Q + SGD + gated reuse,55,"(64, 1, 0.0)"
39,0.022964052665233613,0.023082247003912926,0.15192842724096411,0.09209264069795609,0.962143063545227,Q + SGD + gated reuse,55,"(64, 1, 0.0)"
40,0.022377179716527463,0.023316403850913048,0.1526970983709679,0.09224742650985718,0.9617590308189392,Q + SGD + gated reuse,55,"(64, 1, 0.0)"
41,0.022182056184113026,0.02250652015209198,0.150021732266002,0.09005727618932724,0.9630873203277588,Q + SGD + gated reuse,55,"(64, 1, 0.0)"
42,0.022065772505104542,0.025102991610765457,0.15843923633609655,0.09469849616289139,0.958828866481781,Q + SGD + gated reuse,55,"(64, 1, 0.0)"
43,0.022104055921733378,0.02417929470539093,0.15549692828281506,0.09074082970619202,0.9603438377380371,Q + SGD + gated reuse,55,"(64, 1, 0.0)"
44,0.02178839674592018,0.02443147823214531,0.15630572040762075,0.09811602532863617,0.9599302411079407,Q + SGD + gated reuse,55,"(64, 1, 0.0)"
45,0.021600376476347445,0.022279590368270874,0.14926349308612227,0.0892644077539444,0.9634594917297363,Q + SGD + gated reuse,55,"(64, 1, 0.0)"
46,0.021423337990045546,0.021962052211165428,0.1481959925610859,0.08962403982877731,0.9639803171157837,Q + SGD + gated reuse,55,"(64, 1, 0.0)"
47,0.02118925737142563,0.022751497104763985,0.1508359940623059,0.08812952041625977,0.9626855254173279,Q + SGD + gated reuse,55,"(64, 1, 0.0)"
48,0.02189935817271471,0.02350982092320919,0.15332912614115163,0.09151396155357361,0.9614418148994446,Q + SGD + gated reuse,55,"(64, 1, 0.0)"
49,0.020923686212301253,0.022704098373651505,0.15067879205001447,0.09002213180065155,0.9627633094787598,Q + SGD + gated reuse,55,"(64, 1, 0.0)"
50,0.020823074285686017,0.021869443356990814,0.1478832085024896,0.08978331834077835,0.9641321897506714,Q + SGD + gated reuse,55,"(64, 1, 0.0)"
1,0.40612658870220186,0.17714712023735046,0.42088848907679866,0.22776098549365997,0.7094631195068359,Q + Adam + cold start,55,"(64, 2, 0.0)"
2,0.11455750347971916,0.07813092321157455,0.27951909274962694,0.18307724595069885,0.8718584179878235,Q + Adam + cold start,55,"(64, 2, 0.0)"
3,0.061693802869319914,0.04616161063313484,0.21485253229397797,0.1220017820596695,0.9242908954620361,Q + Adam + cold start,55,"(64, 2, 0.0)"
4,0.04442218079566956,0.06632649153470993,0.2575393009517381,0.20056183636188507,0.8912187218666077,Q + Adam + cold start,55,"(64, 2, 0.0)"
5,0.04156398067176342,0.03548852354288101,0.18838397899736858,0.10287919640541077,0.9417957067489624,Q + Adam + cold start,55,"(64, 2, 0.0)"
6,0.03456305881142616,0.03310678154230118,0.1819526903958861,0.10002543032169342,0.9457019567489624,Q + Adam + cold start,55,"(64, 2, 0.0)"
7,0.03369330701231957,0.04488850757479668,0.21186908121478384,0.14706258475780487,0.9263789057731628,Q + Adam + cold start,55,"(64, 2, 0.0)"
8,0.03367261872291565,0.04124246537685394,0.20308241030885452,0.13642042875289917,0.9323587417602539,Q + Adam + cold start,55,"(64, 2, 0.0)"
9,0.03403325259387493,0.03271440044045448,0.1808712261263645,0.10188663005828857,0.9463455080986023,Q + Adam + cold start,55,"(64, 2, 0.0)"
10,0.03262362049818039,0.03281109035015106,0.18113831828233104,0.10066235065460205,0.946186900138855,Q + Adam + cold start,55,"(64, 2, 0.0)"
11,0.03200222989320755,0.0336298905313015,0.1833845427818318,0.10664241760969162,0.9448440074920654,Q + Adam + cold start,55,"(64, 2, 0.0)"
12,0.03176306441873312,0.03203527256846428,0.17898400087288327,0.10164667665958405,0.94745934009552,Q + Adam + cold start,55,"(64, 2, 0.0)"
13,0.03183453321903944,0.03539018705487251,0.18812279780736973,0.11355207860469818,0.9419569969177246,Q + Adam + cold start,55,"(64, 2, 0.0)"
14,0.031480386865884065,0.031457915902137756,0.17736379535332952,0.09988892078399658,0.9484062790870667,Q + Adam + cold start,55,"(64, 2, 0.0)"
15,0.031101575522124766,0.03257352113723755,0.18048135952844976,0.10672967880964279,0.9465765357017517,Q + Adam + cold start,55,"(64, 2, 0.0)"
16,0.030632210098206998,0.031109223142266273,0.17637806876782122,0.10069844871759415,0.9489781260490417,Q + Adam + cold start,55,"(64, 2, 0.0)"
17,0.029679309533536435,0.02968660369515419,0.17229800838998166,0.09769969433546066,0.9513113498687744,Q + Adam + cold start,55,"(64, 2, 0.0)"
18,0.02884684932231903,0.034998271614313126,0.18707824997661573,0.11878962069749832,0.9425997734069824,Q + Adam + cold start,55,"(64, 2, 0.0)"
19,0.03070555102825165,0.029074575752019882,0.17051268501791847,0.1003449410200119,0.9523151516914368,Q + Adam + cold start,55,"(64, 2, 0.0)"
20,0.028470456624031068,0.028475241735577583,0.1687460865785562,0.09955766052007675,0.9532980918884277,Q + Adam + cold start,55,"(64, 2, 0.0)"
21,0.028423451006412505,0.028036577627062798,0.167441266201205,0.10026666522026062,0.9540175199508667,Q + Adam + cold start,55,"(64, 2, 0.0)"
22,0.02785044071674347,0.026726270094513893,0.16348171180445198,0.0971432775259018,0.9561665654182434,Q + Adam + cold start,55,"(64, 2, 0.0)"
23,0.026418081322312353,0.02739417739212513,0.16551186480770835,0.10012886673212051,0.9550711512565613,Q + Adam + cold start,55,"(64, 2, 0.0)"
24,0.026132279813289642,0.02549506165087223,0.159671730907109,0.09560522437095642,0.9581858515739441,Q + Adam + cold start,55,"(64, 2, 0.0)"
25,0.025496242654323577,0.026074359193444252,0.16147556841034574,0.10180263221263885,0.9572357535362244,Q + Adam + cold start,55,"(64, 2, 0.0)"
26,0.02479425091743469,0.02456599846482277,0.1567354409979529,0.09556949138641357,0.9597095847129822,Q + Adam + cold start,55,"(64, 2, 0.0)"
27,0.024843218991160394,0.026655297726392746,0.16326450234632373,0.10782407224178314,0.9562829732894897,Q + Adam + cold start,55,"(64, 2, 0.0)"
28,0.02469192774295807,0.030007898807525635,0.17322788114944324,0.11812660843133926,0.9507843852043152,Q + Adam + cold start,55,"(64, 2, 0.0)"
29,0.025601357769966124,0.02600010111927986,0.16124546852324212,0.09983951598405838,0.9573575258255005,Q + Adam + cold start,55,"(64, 2, 0.0)"
30,0.02674296556413174,0.02407369390130043,0.15515699759050647,0.09271697700023651,0.9605170488357544,Q + Adam + cold start,55,"(64, 2, 0.0)"
31,0.02289163635969162,0.022504301741719246,0.15001433845375997,0.09142177551984787,0.9630909562110901,Q + Adam + cold start,55,"(64, 2, 0.0)"
32,0.022650912460684777,0.023080574348568916,0.15192292239345884,0.09234358370304108,0.9621458053588867,Q + Adam + cold start,55,"(64, 2, 0.0)"
33,0.021813580858707427,0.023844515904784203,0.15441669568017638,0.08981156349182129,0.960892915725708,Q + Adam + cold start,55,"(64, 2, 0.0)"
34,0.022486519891023637,0.02349085360765457,0.15326726202178523,0.09024864435195923,0.9614729285240173,Q + Adam + cold start,55,"(64, 2, 0.0)"
35,0.021783991864323615,0.02201349101960659,0.14836944098973545,0.0899050161242485,0.9638959169387817,Q + Adam + cold start,55,"(64, 2, 0.0)"
36,0.021301060342788697,0.023857254534959793,0.1544579377531624,0.099742591381073,0.9608719944953918,Q + Adam + cold start,55,"(64, 2, 0.0)"
37,0.021548386415839196,0.02358374558389187,0.15357000222664538,0.1001889556646347,0.9613205790519714,Q + Adam + cold start,55,"(64, 2, 0.0)"
38,0.022593223464488985,0.022602245211601257,0.1503404310609799,0.08948276191949844,0.9629303216934204,Q + Adam + cold start,55,"(64, 2, 0.0)"
39,0.02168122299015522,0.02114677056670189,0.14541929227823208,0.08847474306821823,0.96531742811203,Q + Adam + cold start,55,"(64, 2, 0.0)"
40,0.020152202597260475,0.0209726020693779,0.1448192047671092,0.08774210512638092,0.9656031131744385,Q + Adam + cold start,55,"(64, 2, 0.0)"
41,0.019962827387452125,0.02072177827358246,0.14395061053563635,0.08788338303565979,0.9660144448280334,Q + Adam + cold start,55,"(64, 2, 0.0)"
42,0.02025247277021408,0.0236191488802433,0.15368522661675488,0.09471087902784348,0.9612625241279602,Q + Adam + cold start,55,"(64, 2, 0.0)"
43,0.01972662444785237,0.020890019834041595,0.14453380170064578,0.0854828953742981,0.9657385349273682,Q + Adam + cold start,55,"(64, 2, 0.0)"
44,0.018779323410987855,0.025205811485648155,0.158763382067932,0.10571683198213577,0.9586602449417114,Q + Adam + cold start,55,"(64, 2, 0.0)"
45,0.019463625042140484,0.020948713645339012,0.14473670455464643,0.08749537169933319,0.9656422734260559,Q + Adam + cold start,55,"(64, 2, 0.0)"
46,0.01890760159790516,0.020632071420550346,0.1436386835798433,0.08767054975032806,0.9661616086959839,Q + Adam + cold start,55,"(64, 2, 0.0)"
47,0.019171676993370055,0.021503783762454987,0.1466416849414074,0.08725356310606003,0.9647319316864014,Q + Adam + cold start,55,"(64, 2, 0.0)"
48,0.01910960945188999,0.02124490775167942,0.14575633005698044,0.08723960816860199,0.9651564955711365,Q + Adam + cold start,55,"(64, 2, 0.0)"
49,0.01887270023971796,0.020792610943317413,0.14419643179814615,0.08734796196222305,0.9658982753753662,Q + Adam + cold start,55,"(64, 2, 0.0)"
50,0.018762158327549697,0.020681314170360565,0.14380999329101077,0.09097500145435333,0.9660808444023132,Q + Adam + cold start,55,"(64, 2, 0.0)"
1,0.40612658870220186,0.17714712023735046,0.42088848907679866,0.22776098549365997,0.7094631195068359,Q + Adam + direct reuse,55,"(64, 2, 0.0)"
2,0.11455750347971916,0.07813092321157455,0.27951909274962694,0.18307724595069885,0.8718584179878235,Q + Adam + direct reuse,55,"(64, 2, 0.0)"
3,0.061693802869319914,0.04616161063313484,0.21485253229397797,0.1220017820596695,0.9242908954620361,Q + Adam + direct reuse,55,"(64, 2, 0.0)"
4,0.04442218079566956,0.06632649153470993,0.2575393009517381,0.20056183636188507,0.8912187218666077,Q + Adam + direct reuse,55,"(64, 2, 0.0)"
5,0.04156398067176342,0.03548852354288101,0.18838397899736858,0.10287919640541077,0.9417957067489624,Q + Adam + direct reuse,55,"(64, 2, 0.0)"
6,0.03456305881142616,0.03310678154230118,0.1819526903958861,0.10002543032169342,0.9457019567489624,Q + Adam + direct reuse,55,"(64, 2, 0.0)"
7,0.03369330701231957,0.04488850757479668,0.21186908121478384,0.14706258475780487,0.9263789057731628,Q + Adam + direct reuse,55,"(64, 2, 0.0)"
8,0.03367261872291565,0.04124246537685394,0.20308241030885452,0.13642042875289917,0.9323587417602539,Q + Adam + direct reuse,55,"(64, 2, 0.0)"
9,0.03403325259387493,0.03271440044045448,0.1808712261263645,0.10188663005828857,0.9463455080986023,Q + Adam + direct reuse,55,"(64, 2, 0.0)"
10,0.03262362049818039,0.03281109035015106,0.18113831828233104,0.10066235065460205,0.946186900138855,Q + Adam + direct reuse,55,"(64, 2, 0.0)"
11,0.03200222989320755,0.0336298905313015,0.1833845427818318,0.10664241760969162,0.9448440074920654,Q + Adam + direct reuse,55,"(64, 2, 0.0)"
12,0.03176306441873312,0.03203527256846428,0.17898400087288327,0.10164667665958405,0.94745934009552,Q + Adam + direct reuse,55,"(64, 2, 0.0)"
13,0.03183453321903944,0.03539018705487251,0.18812279780736973,0.11355207860469818,0.9419569969177246,Q + Adam + direct reuse,55,"(64, 2, 0.0)"
14,0.031480386865884065,0.031457915902137756,0.17736379535332952,0.09988892078399658,0.9484062790870667,Q + Adam + direct reuse,55,"(64, 2, 0.0)"
15,0.031101575522124766,0.03257352113723755,0.18048135952844976,0.10672967880964279,0.9465765357017517,Q + Adam + direct reuse,55,"(64, 2, 0.0)"
16,0.030632210098206998,0.031109223142266273,0.17637806876782122,0.10069844871759415,0.9489781260490417,Q + Adam + direct reuse,55,"(64, 2, 0.0)"
17,0.029679309533536435,0.02968660369515419,0.17229800838998166,0.09769969433546066,0.9513113498687744,Q + Adam + direct reuse,55,"(64, 2, 0.0)"
18,0.02884684932231903,0.034998271614313126,0.18707824997661573,0.11878962069749832,0.9425997734069824,Q + Adam + direct reuse,55,"(64, 2, 0.0)"
19,0.03070555102825165,0.029074575752019882,0.17051268501791847,0.1003449410200119,0.9523151516914368,Q + Adam + direct reuse,55,"(64, 2, 0.0)"
20,0.028470456624031068,0.028475241735577583,0.1687460865785562,0.09955766052007675,0.9532980918884277,Q + Adam + direct reuse,55,"(64, 2, 0.0)"
21,0.028423451006412505,0.028036577627062798,0.167441266201205,0.10026666522026062,0.9540175199508667,Q + Adam + direct reuse,55,"(64, 2, 0.0)"
22,0.02785044071674347,0.026726270094513893,0.16348171180445198,0.0971432775259018,0.9561665654182434,Q + Adam + direct reuse,55,"(64, 2, 0.0)"
23,0.026418081322312353,0.02739417739212513,0.16551186480770835,0.10012886673212051,0.9550711512565613,Q + Adam + direct reuse,55,"(64, 2, 0.0)"
24,0.026132279813289642,0.02549506165087223,0.159671730907109,0.09560522437095642,0.9581858515739441,Q + Adam + direct reuse,55,"(64, 2, 0.0)"
25,0.025496242654323577,0.026074359193444252,0.16147556841034574,0.10180263221263885,0.9572357535362244,Q + Adam + direct reuse,55,"(64, 2, 0.0)"
26,0.02479425091743469,0.02456599846482277,0.1567354409979529,0.09556949138641357,0.9597095847129822,Q + Adam + direct reuse,55,"(64, 2, 0.0)"
27,0.024843218991160394,0.026655297726392746,0.16326450234632373,0.10782407224178314,0.9562829732894897,Q + Adam + direct reuse,55,"(64, 2, 0.0)"
28,0.02469192774295807,0.030007898807525635,0.17322788114944324,0.11812660843133926,0.9507843852043152,Q + Adam + direct reuse,55,"(64, 2, 0.0)"
29,0.025601357769966124,0.02600010111927986,0.16124546852324212,0.09983951598405838,0.9573575258255005,Q + Adam + direct reuse,55,"(64, 2, 0.0)"
30,0.02674296556413174,0.02407369390130043,0.15515699759050647,0.09271697700023651,0.9605170488357544,Q + Adam + direct reuse,55,"(64, 2, 0.0)"
31,0.02289163635969162,0.022504301741719246,0.15001433845375997,0.09142177551984787,0.9630909562110901,Q + Adam + direct reuse,55,"(64, 2, 0.0)"
32,0.022650912460684777,0.023080574348568916,0.15192292239345884,0.09234358370304108,0.9621458053588867,Q + Adam + direct reuse,55,"(64, 2, 0.0)"
33,0.021813580858707427,0.023844515904784203,0.15441669568017638,0.08981156349182129,0.960892915725708,Q + Adam + direct reuse,55,"(64, 2, 0.0)"
34,0.022486519891023637,0.02349085360765457,0.15326726202178523,0.09024864435195923,0.9614729285240173,Q + Adam + direct reuse,55,"(64, 2, 0.0)"
35,0.021783991864323615,0.02201349101960659,0.14836944098973545,0.0899050161242485,0.9638959169387817,Q + Adam + direct reuse,55,"(64, 2, 0.0)"
36,0.021301060342788697,0.023857254534959793,0.1544579377531624,0.099742591381073,0.9608719944953918,Q + Adam + direct reuse,55,"(64, 2, 0.0)"
37,0.021548386415839196,0.02358374558389187,0.15357000222664538,0.1001889556646347,0.9613205790519714,Q + Adam + direct reuse,55,"(64, 2, 0.0)"
38,0.022593223464488985,0.022602245211601257,0.1503404310609799,0.08948276191949844,0.9629303216934204,Q + Adam + direct reuse,55,"(64, 2, 0.0)"
39,0.02168122299015522,0.02114677056670189,0.14541929227823208,0.08847474306821823,0.96531742811203,Q + Adam + direct reuse,55,"(64, 2, 0.0)"
40,0.020152202597260475,0.0209726020693779,0.1448192047671092,0.08774210512638092,0.9656031131744385,Q + Adam + direct reuse,55,"(64, 2, 0.0)"
41,0.019962827387452125,0.02072177827358246,0.14395061053563635,0.08788338303565979,0.9660144448280334,Q + Adam + direct reuse,55,"(64, 2, 0.0)"
42,0.02025247277021408,0.0236191488802433,0.15368522661675488,0.09471087902784348,0.9612625241279602,Q + Adam + direct reuse,55,"(64, 2, 0.0)"
43,0.01972662444785237,0.020890019834041595,0.14453380170064578,0.0854828953742981,0.9657385349273682,Q + Adam + direct reuse,55,"(64, 2, 0.0)"
44,0.018779323410987855,0.025205811485648155,0.158763382067932,0.10571683198213577,0.9586602449417114,Q + Adam + direct reuse,55,"(64, 2, 0.0)"
45,0.019463625042140484,0.020948713645339012,0.14473670455464643,0.08749537169933319,0.9656422734260559,Q + Adam + direct reuse,55,"(64, 2, 0.0)"
46,0.01890760159790516,0.020632071420550346,0.1436386835798433,0.08767054975032806,0.9661616086959839,Q + Adam + direct reuse,55,"(64, 2, 0.0)"
47,0.019171676993370055,0.021503783762454987,0.1466416849414074,0.08725356310606003,0.9647319316864014,Q + Adam + direct reuse,55,"(64, 2, 0.0)"
48,0.01910960945188999,0.02124490775167942,0.14575633005698044,0.08723960816860199,0.9651564955711365,Q + Adam + direct reuse,55,"(64, 2, 0.0)"
49,0.01887270023971796,0.020792610943317413,0.14419643179814615,0.08734796196222305,0.9658982753753662,Q + Adam + direct reuse,55,"(64, 2, 0.0)"
50,0.018762158327549697,0.020681314170360565,0.14380999329101077,0.09097500145435333,0.9660808444023132,Q + Adam + direct reuse,55,"(64, 2, 0.0)"
