Fold,Method,Seed,Patient,N windows,MAE (BPM),RMSE (BPM),Correlation,BA bias (BPM),BA lower LoA (BPM),BA upper LoA (BPM),Failed (%)
1,Fixed | Raw,0,6,119,0.724294071405856,0.8698495259237161,0.0748836400785754,0.41963047191494146,-1.0800812599850125,1.9193422038148955,0.0
1,Fixed | Raw,0,11,119,1.9473273617506404,2.7944428765195313,0.40162487485079046,0.06008545698343735,-5.4389100983860414,5.559081012352917,0.0
1,Fixed | Raw,0,16,119,0.5835293111546378,0.755819513593422,0.7085009308455559,-0.0013984826522400078,-1.4890660848607986,1.4862691195563187,0.0
1,Fixed | Raw,0,21,119,46.16947064112963,47.86355170159873,-0.6704502335912277,-57.9809336190829,-92.52395194104913,-23.43791529711666,0.0
1,Fixed | Raw,0,25,119,49.90565317035905,49.91617548073207,0.011247681137561354,-61.52244592612613,-66.17314064428476,-56.87175120796751,0.0
1,Fixed | Raw,0,30,119,1.1141556822329464,1.4279517988602037,0.09771334668908697,0.16727303079303374,-2.6239961351798287,2.958542196765896,0.0
1,Fixed | Raw,0,35,119,3.399825599903762,5.9016511547855695,0.2799625847630449,-0.10632386958493266,-11.931344204436785,11.718696465266921,0.0
1,Fixed | Raw,0,40,119,7.608325033530435,16.71978348878081,0.009025007257227033,-7.100355425133085,-39.41971006560034,25.218999215334176,0.0
1,Fixed | Raw,0,45,119,7.488472626692387,9.148566402697233,-0.024718946861768842,-0.13198646489683294,-18.137121863472252,17.873148933678586,0.0
1,Fixed | Raw,0,50,119,1.304113437379687,1.6722260890277048,0.15367466301361468,0.18009131204945705,-3.0921873316493875,3.4523699557483014,0.0
1,Fixed | Raw,0,53,119,5.875759076482672,7.887698900213648,0.015110791779571517,-2.0913120050517042,-17.060939034540397,12.878315024436986,0.0
1,Fixed | Moving average (5),0,6,119,0.6924245301304939,0.8367191397698607,0.11887391790263399,0.45247452214382433,-0.9328500119299291,1.8377990562175777,0.0
1,Fixed | Moving average (5),0,11,119,2.0057306299471085,2.8436531763249313,0.3869676436127032,0.13836625971724542,-5.452131134240017,5.728863653674508,0.0
1,Fixed | Moving average (5),0,16,119,0.5722820799290629,0.7470549604812695,0.750151217366973,0.08030756468182211,-1.3815906489167158,1.54220577828036,0.0
1,Fixed | Moving average (5),0,21,119,45.759980254390946,47.68019907326772,-0.653338598709906,-56.69529901334255,-91.5829187556117,-21.807679271073404,0.0
1,Fixed | Moving average (5),0,25,119,50.0,50.0,-0.026560342660641043,-61.69306304806447,-65.52959384054996,-57.856532255578976,0.0
1,Fixed | Moving average (5),0,30,119,1.1339505886045316,1.426151952793411,0.11458541600398485,0.25442983466468755,-2.507614776346603,3.016474445675978,0.0
1,Fixed | Moving average (5),0,35,119,3.804616698532197,7.499599102673422,0.12365639318040593,-0.5420115159416676,-16.697287526798792,15.613264494915459,0.0
1,Fixed | Moving average (5),0,40,119,8.699496012181887,18.355175006045606,0.0651750366107197,-8.28523059697171,-43.290068195724594,26.719607001781178,0.0
1,Fixed | Moving average (5),0,45,119,7.3170808859440175,9.03311304112936,-0.033663896874707215,0.22617887538996193,-17.548010844494623,18.000368595274548,0.0
1,Fixed | Moving average (5),0,50,119,1.2529752159672431,1.6604618479561573,0.1723195622284091,0.5322217188217757,-2.563609679410739,3.6280531170542902,0.0
1,Fixed | Moving average (5),0,53,119,5.649305289836022,7.570590034704868,0.0509729151678115,-1.8578955001454485,-16.303310367327324,12.587519367036426,0.0
1,Fixed | Moving average (11),0,6,119,0.7070544109644795,0.8546099325776396,0.13868318801983087,0.46781601774767073,-0.9398967394553113,1.8755287749506526,0.0
1,Fixed | Moving average (11),0,11,119,2.0362612943354614,2.8931250870188117,0.36376313097380686,0.21508408139142324,-5.463659752562121,5.893827915344968,0.0
1,Fixed | Moving average (11),0,16,119,0.5472301629235012,0.7175702684039297,0.7571665182473296,0.04615683726881059,-1.3633028634952749,1.455616538032896,0.0
1,Fixed | Moving average (11),0,21,119,44.70363307706245,47.150401881427676,-0.5707091494389194,-56.423466786444784,-96.02933130006957,-16.817602272820004,0.0
1,Fixed | Moving average (11),0,25,119,49.90969947300954,49.919337889606965,-0.04041275400506239,-61.53258892593483,-66.145907267617,-56.91927058425265,0.0
1,Fixed | Moving average (11),0,30,119,1.1176652485311367,1.4563514307903898,0.11547201142473842,0.23810406141722049,-2.589843632575908,3.0660517554103492,0.0
1,Fixed | Moving average (11),0,35,119,3.8211194639129213,7.338766508983955,0.15521775646999342,-0.4406205187516422,-15.682933620785755,14.801692583282472,0.0
1,Fixed | Moving average (11),0,40,119,8.808623106431286,18.50272580784962,0.005455249127656575,-8.084478393312478,-42.760010813862166,26.591054027237206,0.8403361344537785
1,Fixed | Moving average (11),0,45,119,7.3062533054520475,9.020295138279478,-0.02545344385090228,0.25103621933279585,-17.496621588050953,17.998694026716546,0.0
1,Fixed | Moving average (11),0,50,119,1.2300718690500099,1.6554508783916244,0.20744107801513878,0.47224436542387543,-2.6507667902574266,3.5952555211051775,0.0
1,Fixed | Moving average (11),0,53,119,5.671182389375457,7.6054752457620864,0.014315281432515474,-1.848128962470631,-16.369192712428607,12.672934787487346,0.0
1,"Fixed | Savitzky-Golay (21,3)",0,6,119,0.6877944058280444,0.8368949852591545,0.14111403156291857,0.41572444579960377,-1.013916944223248,1.8453658358224554,0.0
1,"Fixed | Savitzky-Golay (21,3)",0,11,119,2.07570120530966,2.856850879174391,0.3896079687141599,0.03463945219125242,-5.5880512432525755,5.657330147635081,0.0
1,"Fixed | Savitzky-Golay (21,3)",0,16,119,0.5353155872498734,0.6834153167149108,0.7623845368667217,0.04536348790432749,-1.296827733502634,1.3875547093112888,0.0
1,"Fixed | Savitzky-Golay (21,3)",0,21,119,44.68181801088755,47.14517777882456,-0.5675071276338519,-56.96456320158692,-97.3658271926208,-16.563299210553048,0.0
1,"Fixed | Savitzky-Golay (21,3)",0,25,119,49.91370031158531,49.922502940745744,-0.04628223837615855,-61.54092182031113,-66.089860215081,-56.99198342554125,0.0
1,"Fixed | Savitzky-Golay (21,3)",0,30,119,1.1096474438874255,1.4091312045513338,0.10376039482703867,0.15811332602795308,-2.597946800821709,2.9141734528776153,0.0
1,"Fixed | Savitzky-Golay (21,3)",0,35,119,3.8400800484796727,7.52877964943428,0.1390338353562533,-0.5536266912370256,-15.606954151334758,14.499700768860706,0.0
1,"Fixed | Savitzky-Golay (21,3)",0,40,119,7.117300175243051,16.285700107057455,-0.002329504646400131,-6.724924968306051,-39.68815082820621,26.23830089159411,0.0
1,"Fixed | Savitzky-Golay (21,3)",0,45,119,7.40097056799575,9.096354848499956,-0.012998218966457087,-0.08375454150579008,-17.98723770514108,17.8197286221295,0.0
1,"Fixed | Savitzky-Golay (21,3)",0,50,119,1.4391597438813264,2.4153449231060744,0.015267448271787006,0.11294836915628274,-4.635944122986752,4.861840861299317,0.0
1,"Fixed | Savitzky-Golay (21,3)",0,53,119,5.951184745736999,8.008385818109724,0.015734237834347707,-2.248440019803942,-17.377231510386373,12.88035147077849,0.0
1,"Fixed | Butterworth (0.5-5 Hz, order 4)",0,6,119,0.6963468220170811,0.8360905766025123,0.14058969621343206,0.39724141249965816,-1.0508173438825952,1.8453001688819115,0.0
1,"Fixed | Butterworth (0.5-5 Hz, order 4)",0,11,119,1.9423723035862313,2.7998844901269067,0.3866501340394721,0.05763773311978487,-5.4521722614636925,5.567447727703263,0.0
1,"Fixed | Butterworth (0.5-5 Hz, order 4)",0,16,119,0.5366022937039842,0.6933808385103395,0.7695498541218679,-0.0347559234008937,-1.3978131990214204,1.3283013522196332,0.0
1,"Fixed | Butterworth (0.5-5 Hz, order 4)",0,21,119,44.9569166095285,47.27921173853089,-0.5986896463232051,-57.66667492100934,-97.3477277456364,-17.985622096382272,0.0
1,"Fixed | Butterworth (0.5-5 Hz, order 4)",0,25,119,50.0,50.0,0.1538050050812989,-61.73640180150393,-64.99244497657494,-58.48035862643291,0.0
1,"Fixed | Butterworth (0.5-5 Hz, order 4)",0,30,119,1.0566010409455482,1.3539650292575813,0.1321040930840603,0.11353919221956603,-2.5420667382668043,2.769145122705936,0.0
1,"Fixed | Butterworth (0.5-5 Hz, order 4)",0,35,119,3.4572136825048525,5.907370254781614,0.2347882962371177,-0.0604434461318368,-11.920851139194422,11.799964246930749,0.0
1,"Fixed | Butterworth (0.5-5 Hz, order 4)",0,40,119,7.734182464965391,16.941193423005558,0.07315970550985962,-7.0401893818184265,-38.2231233654343,24.142744601797446,0.0
1,"Fixed | Butterworth (0.5-5 Hz, order 4)",0,45,119,7.479929851306706,9.235471242099456,-0.03123161161638218,0.04987640642207828,-18.127921691695555,18.227674504539713,0.0
1,"Fixed | Butterworth (0.5-5 Hz, order 4)",0,50,119,1.2460479988133268,1.8165992625357432,0.07485777079866252,0.178891629769711,-3.3793186491698948,3.737101908709317,0.0
1,"Fixed | Butterworth (0.5-5 Hz, order 4)",0,53,119,5.935548092257108,7.821425872427902,-0.014081233047209336,-2.2673975251553418,-17.001132523584076,12.466337473273391,0.0
1,"Fixed | Butterworth (0.7-4 Hz, order 3)",0,6,119,0.6904946601080469,0.8257995396310768,0.12979979025106309,0.411690931640728,-0.9973272891901088,1.8207091524715648,0.0
1,"Fixed | Butterworth (0.7-4 Hz, order 3)",0,11,119,2.11118475835955,2.9617829688517574,0.3319081081533425,0.046460257199020125,-5.782463035059464,5.875383549457504,0.0
1,"Fixed | Butterworth (0.7-4 Hz, order 3)",0,16,119,0.5647610813286688,0.7298771758241904,0.7670886921462488,-0.03378578451580174,-1.468853991867324,1.4012824228357204,0.0
1,"Fixed | Butterworth (0.7-4 Hz, order 3)",0,21,119,44.934425266478705,47.18258884614654,-0.5611058021157,-56.792700716293915,-95.63632212292191,-17.949079309665926,0.0
1,"Fixed | Butterworth (0.7-4 Hz, order 3)",0,25,119,49.83777814358743,49.84816421486715,-0.040719595307382984,-61.21838326292076,-67.59882292100181,-54.8379436048397,0.0
1,"Fixed | Butterworth (0.7-4 Hz, order 3)",0,30,119,1.0886180716012512,1.385076627862499,0.11507396441584648,0.14454184553062305,-2.566801900329347,2.855885591390593,0.0
1,"Fixed | Butterworth (0.7-4 Hz, order 3)",0,35,119,3.0637982691646366,4.305731184059828,0.37815091119508804,0.26990803299470384,-8.188341605307023,8.72815767129643,0.0
1,"Fixed | Butterworth (0.7-4 Hz, order 3)",0,40,119,7.96195841887931,16.659304467251744,0.056676910078515524,-7.415863301355162,-37.04683967582159,22.21511307311126,0.0
1,"Fixed | Butterworth (0.7-4 Hz, order 3)",0,45,119,7.518119856940773,9.15247278258942,-0.013967701773448124,0.33656542030536535,-17.665948480321173,18.339079320931905,0.0
1,"Fixed | Butterworth (0.7-4 Hz, order 3)",0,50,119,1.0660457600409634,1.3914120990787024,0.22976547464573105,0.14059161867769207,-2.584091178800695,2.865274416156079,0.0
1,"Fixed | Butterworth (0.7-4 Hz, order 3)",0,53,119,6.155028909708355,8.462204612181452,-0.0700589709000254,-2.623707569782847,-18.45895295523583,13.211537815670134,0.0
1,Monte-Carlo,11,6,119,0.694117381585298,0.8283784193357993,0.11903091558997977,0.4005812524438244,-1.0265907467223157,1.8277532516099644,0.0
1,Monte-Carlo,11,11,119,2.005630333128834,2.8228086928601943,0.3900342118447091,0.1228530709520974,-5.427981699598543,5.673687841502738,0.0
1,Monte-Carlo,11,16,119,0.5307983805131499,0.67617307087851,0.7779082298626145,-0.04839956929431773,-1.3758887922065097,1.2790896536178742,0.0
1,Monte-Carlo,11,21,119,44.94989255182416,47.239424832406975,-0.5461286250361576,-56.480921927138496,-95.07246721399682,-17.88937664028017,0.0
1,Monte-Carlo,11,25,119,50.0,50.0,0.06089253570511306,-61.803181252833745,-65.27268900062764,-58.333673505039854,0.0
1,Monte-Carlo,11,30,119,1.064265676767937,1.3682289227156765,0.11602156809506708,0.13530651328717838,-2.5445605783321112,2.815173604906468,0.0
1,Monte-Carlo,11,35,119,3.6244547278112442,6.418700719178791,0.16305520239348475,-0.3571897622699724,-12.971461565230578,12.257082040690635,0.0
1,Monte-Carlo,11,40,119,8.85798655691543,18.579310218745892,0.052930068924747706,-8.368381141171609,-43.11396453972046,26.377202257377242,0.0
1,Monte-Carlo,11,45,119,7.423513595716023,9.138941294513783,-0.03056730549038246,0.1071192197094932,-17.87970957473828,18.093948014157263,0.0
1,Monte-Carlo,11,50,119,1.2998223217902507,1.8711200630714708,0.15882721510994213,0.29280825346599826,-3.3447200936922066,3.9303366006242033,0.0
1,Monte-Carlo,11,53,119,5.831905764649836,7.666792897124562,0.022313185305751333,-2.166617584996663,-16.641961769571452,12.308726599578128,0.0
1,SARSA,11,6,119,0.6924656672608216,0.8343042821353228,0.1314883843871978,0.45251565927415205,-0.9271025910985359,1.8321339096468399,0.0
1,SARSA,11,11,119,2.058774268969722,2.872580171429255,0.3720390217937493,0.08028944847051628,-5.571565416088074,5.7321443130291065,0.0
1,SARSA,11,16,119,0.5562889369541739,0.7207656503245428,0.7505943197434871,0.03929993589141909,-1.377263698042775,1.455863569825613,0.0
1,SARSA,11,21,119,45.00445695324197,47.30218265642137,-0.570828746029064,-56.5749011946147,-95.11324642853867,-18.036555960690713,0.0
1,SARSA,11,25,119,49.90969947300954,49.919337889606965,-0.04635108291937273,-61.606985352019194,-66.80722599942031,-56.40674470461808,0.0
1,SARSA,11,30,119,1.1182957200002785,1.4177912053024302,0.08592149843884903,0.19268233682986555,-2.572047423549407,2.957412097209138,0.0
1,SARSA,11,35,119,3.3943394109016394,5.950350056852191,0.24396828019744407,-0.04433450299045349,-12.100722970747212,12.012053964766304,0.0
1,SARSA,11,40,119,8.423408060169761,18.128864568522758,0.006855134723443623,-7.965945330657423,-42.85572987348576,26.923839212170915,0.0
1,SARSA,11,45,119,7.365678153616951,9.072883103174457,-0.042048101051962904,0.34064613805478494,-17.504805458631203,18.18609773474077,0.0
1,SARSA,11,50,119,1.1939042110108382,1.573992034985684,0.1990909327887418,0.3999981465758695,-2.5963616445159206,3.396357937667659,0.0
1,SARSA,11,53,119,5.744310018552081,7.826622125027434,-0.0009382506353485774,-2.281399126284052,-17.017450586193448,12.454652333625345,0.0
1,Q-learning,11,6,119,0.7018705925654556,0.8527989697365334,0.1279772485554461,0.43814551600543306,-1.0019290340539828,1.878220066064849,0.0
1,Q-learning,11,11,119,2.005816056475428,2.8848469667501115,0.36831864650323176,0.051655669017729826,-5.625642391755951,5.72895372979141,0.0
1,Q-learning,11,16,119,0.5841449951424665,0.7406050411010133,0.7441139827364084,-0.020826667340562627,-1.4779738617493205,1.4363205270681954,0.0
1,Q-learning,11,21,119,46.053402543035354,47.82893679301903,-0.6729154470971164,-57.769210965847776,-92.56266959861178,-22.975752333083776,0.0
1,Q-learning,11,25,119,49.90969947300954,49.919337889606965,-0.10085085765358477,-61.36014648890759,-66.69596491373777,-56.024328064077416,0.0
1,Q-learning,11,30,119,1.1279835439036345,1.431598459475642,0.09220199690685035,0.2367537426006232,-2.542243729182071,3.015751214383317,0.0
1,Q-learning,11,35,119,3.477644563090691,5.974654929004276,0.2652378637602731,-0.07218160627815019,-12.369367102286535,12.225003889730235,0.0
1,Q-learning,11,40,119,7.847181197453133,17.22519980407134,0.05557535934354193,-6.979522168510068,-38.73621883741109,24.777174500390952,0.8403361344537785
1,Q-learning,11,45,119,7.352306283519632,9.04054366339254,-0.029985005137046314,0.3271787904122587,-17.455554143262102,18.10991172408662,0.0
1,Q-learning,11,50,119,1.3293193828944658,1.6980550338996419,0.11149093124512346,0.3182296476954606,-2.964813111798927,3.601272407189848,0.0
1,Q-learning,11,53,119,5.9859652081262515,7.955890705184431,0.01652648708477052,-2.2489186810457236,-17.26974652811327,12.771909166021821,0.0
1,Contextual bandit,11,6,119,0.7039638102020993,0.8495320101949477,0.08009291247467784,0.433997960778954,-1.0034590440882443,1.871454965646152,0.0
1,Contextual bandit,11,11,119,1.998241665093588,2.859448511388635,0.369367484404464,0.11704497075254482,-5.5064549947627395,5.740544936267829,0.0
1,Contextual bandit,11,16,119,0.5760129744481286,0.7388011805256395,0.7582194459072972,0.0065138432163870585,-1.4476028106878138,1.4606304971205881,0.0
1,Contextual bandit,11,21,119,44.67693953188137,47.12872819327445,-0.5649082604476285,-56.332552731054,-95.81453593973959,-16.850569522368424,0.0
1,Contextual bandit,11,25,119,49.90969947300954,49.919337889606965,-0.08426026196458351,-61.421653297718635,-66.40060522511364,-56.44270137032363,0.0
1,Contextual bandit,11,30,119,1.092032085257533,1.3964300237798437,0.1189313248497049,0.19711929681849616,-2.523934713669867,2.9181733073068594,0.0
1,Contextual bandit,11,35,119,3.673350258647335,7.242944501327628,0.17118136595304595,-0.5333718974140599,-15.585446869558467,14.518703074730347,0.0
1,Contextual bandit,11,40,119,7.57026616752626,16.618338869680848,0.031234834477259873,-7.004552159489374,-38.99063507803385,24.981530759055097,0.0
1,Contextual bandit,11,45,119,7.499501007448445,9.201568075708344,-0.02334325953417321,0.1343290667993876,-17.975072929050818,18.243731062649594,0.0
1,Contextual bandit,11,50,119,1.3407697988922223,1.9361272393762428,0.10304431382053207,0.44838366266705915,-3.2588695186304255,4.155636843964544,0.0
1,Contextual bandit,11,53,119,5.9020233894499095,7.987153087308331,0.0053333606746006346,-2.3377305604369187,-17.3702979766082,12.69483685573436,0.0
1,Monte-Carlo,22,6,119,0.6983517251055732,0.8373790265538517,0.13526054814873972,0.4341565485408401,-0.9752139395655302,1.8435270366472103,0.0
1,Monte-Carlo,22,11,119,2.066600558763874,2.8759004966793995,0.36438880010802577,0.10329841886792296,-5.553648077569881,5.760244915305727,0.0
1,Monte-Carlo,22,16,119,0.5631514150884623,0.7321972582919932,0.7527732130745576,0.02626194877669502,-1.413985500474321,1.466509398027711,0.0
1,Monte-Carlo,22,21,119,45.06823480012352,47.35121717799286,-0.5889731089747364,-57.27579811391913,-95.94954019693083,-18.602056030907434,0.0
1,Monte-Carlo,22,25,119,50.0,50.0,0.04407218255026944,-61.72111481434761,-64.16277102475021,-59.279458603945,0.0
1,Monte-Carlo,22,30,119,1.1153979366906481,1.4260890358658953,0.10228322250072071,0.18034304564183593,-2.6040752692125326,2.964761360496204,0.0
1,Monte-Carlo,22,35,119,3.537056307411836,6.047882121961229,0.242437329570178,-0.07678786822396061,-12.965139932477436,12.811564196029517,0.0
1,Monte-Carlo,22,40,119,7.750598615110881,16.85757899400828,0.009439299246946316,-7.374918298692899,-40.56968300323277,25.819846405846974,0.0
1,Monte-Carlo,22,45,119,7.444000659141045,9.170277479027046,-0.03367547782474192,0.08438288883153565,-17.96459604884002,18.133361826503087,0.0
1,Monte-Carlo,22,50,119,1.2096851274818943,1.5043179736916048,0.23651818653467083,0.2371039211569624,-2.686816434952236,3.161024277266161,0.0
1,Monte-Carlo,22,53,119,5.8075891974225895,7.848740156920189,-0.006143329865394783,-2.100086049779005,-16.985384945951033,12.785212846393025,0.0
1,SARSA,22,6,119,0.7039638102020993,0.8495320101949477,0.08009291247467784,0.433997960778954,-1.0034590440882443,1.871454965646152,0.0
1,SARSA,22,11,119,2.0031554544488537,2.8242948169729662,0.3946759911747183,0.0615662117510235,-5.496137206077258,5.619269629579306,0.0
1,SARSA,22,16,119,0.5445654497938721,0.7022548145047304,0.7505142036209731,0.018609458744631237,-1.3631445502562032,1.4003634677454657,0.0
1,SARSA,22,21,119,45.510461318522445,47.636651374515274,-0.5624339568481742,-58.26079046248866,-96.40453620127182,-20.11704472370549,0.0
1,SARSA,22,25,119,49.88286284413431,49.89094168935345,0.035789501746737326,-61.40131545208837,-66.96642516102203,-55.836205743154714,0.0
1,SARSA,22,30,119,1.109689236105987,1.4178494011797647,0.07297635959763932,0.2097312752442327,-2.5503032269232215,2.9697657774116872,0.0
1,SARSA,22,35,119,3.3958006546927058,5.8915188920756645,0.2549609837632377,0.06863621961260195,-12.072237911246628,12.209510350471831,0.0
1,SARSA,22,40,119,8.088614722446115,17.296156732239123,0.043738511096649536,-7.553006081123699,-39.75827546776682,24.652263305519426,0.0
1,SARSA,22,45,119,7.359291173702905,9.052228231215647,-0.014677475651030038,-0.030531944426318316,-17.847818845371737,17.7867549565191,0.0
1,SARSA,22,50,119,1.4468266262779925,2.43635994382869,0.018196705782662026,0.21469710135036674,-4.562104025289862,4.991498227990595,0.0
1,SARSA,22,53,119,5.878619459572317,7.826846066338028,0.013369895804317725,-2.1944441776335477,-16.982026878005655,12.593138522738558,0.0
1,Q-learning,22,6,119,0.7061259903912095,0.8465713981974685,0.1304457238484864,0.41955088075097485,-1.0277230688294496,1.8668248303313995,0.0
1,Q-learning,22,11,119,1.9918966218310838,2.820918631961461,0.3867015450218056,0.10738698563157202,-5.440967419373546,5.65574139063669,0.0
1,Q-learning,22,16,119,0.566106814236076,0.7350422749377673,0.7448449423440922,-0.014246663051952192,-1.4607494539827306,1.4322561278788262,0.0
1,Q-learning,22,21,119,45.50525776553491,47.59605921564416,-0.595891248813097,-57.88542991822667,-95.45816695886981,-20.312692877583522,0.0
1,Q-learning,22,25,119,49.91370031158531,49.922502940745744,-0.0642357053861978,-61.43692588680621,-66.44129464838326,-56.432557125229145,0.0
1,Q-learning,22,30,119,1.0796526203319692,1.3852883119904584,0.11035352986057226,0.20085283811433025,-2.496980813835894,2.8986864900645544,0.0
1,Q-learning,22,35,119,3.466832560390487,5.950947224297627,0.2602775013024847,-0.024344241372021843,-12.277642789455928,12.228954306711884,0.0
1,Q-learning,22,40,119,7.970413834679582,17.17860332786676,0.00548434255819627,-7.535378496390573,-40.495659824863374,25.424902832082232,0.0
1,Q-learning,22,45,119,7.440206310266578,9.079649704845584,-0.018650564387359694,0.29106416136297913,-17.571112445667953,18.15324076839391,0.0
1,Q-learning,22,50,119,1.4036550555270637,2.01429054690024,0.03675542186156046,0.36497146580990075,-3.53410745200812,4.2640503836279215,0.0
1,Q-learning,22,53,119,5.861763367024775,7.888707575804828,-0.01402353781547444,-2.2034759578703276,-17.11270544806646,12.705753532325806,0.0
1,Contextual bandit,22,6,119,0.7167659765558758,0.8614167407193974,0.0815462194580722,0.4121023770649613,-1.0768007224134704,1.9010054765433928,0.0
1,Contextual bandit,22,11,119,2.002545210449411,2.84613199018785,0.37713135881219473,0.10773036813868345,-5.490261295105878,5.705722031383244,0.0
1,Contextual bandit,22,16,119,0.5302779118642115,0.6973957840577267,0.7609607346239138,0.025560363385139458,-1.346192812754955,1.397313539525234,0.0
1,Contextual bandit,22,21,119,45.82968779661469,47.765560387625705,-0.5833112005267513,-58.057443802169786,-94.34247693162912,-21.77241067271045,0.0
1,Contextual bandit,22,25,119,49.93766737464216,49.942257606661244,0.07154310429444458,-61.6733475888726,-65.73875815662406,-57.60793702112115,0.0
1,Contextual bandit,22,30,119,1.1281681981841487,1.4213667253930502,0.12234771756409421,0.17204571792467338,-2.605042474619035,2.9491339104683814,0.0
1,Contextual bandit,22,35,119,3.153712217185955,4.427707524293604,0.3787738282032618,0.3354556728640934,-8.354497900048338,9.025409245776524,0.0
1,Contextual bandit,22,40,119,7.7132322593313924,16.867515897857775,0.03136692647633799,-6.733311110246922,-37.46342729862936,23.99680507813552,0.8403361344537785
1,Contextual bandit,22,45,119,7.479140721260222,9.13488108099636,-0.027247183020439956,-0.1389752359216257,-18.116967139548787,17.839016667705533,0.0
1,Contextual bandit,22,50,119,1.498087499922175,2.496873627018436,0.018571229342627137,0.09878216830649718,-4.811935546015111,5.0094998826281065,0.0
1,Contextual bandit,22,53,119,5.872859406481472,8.098205248500683,-0.018203772058315852,-2.2690685164206523,-17.57017907408181,13.032042041240505,0.0
1,Monte-Carlo,33,6,119,0.6979251708657616,0.8389610300251502,0.09884061886929124,0.39326157137484696,-1.0653988086973278,1.8519219514470215,0.0
1,Monte-Carlo,33,11,119,2.048169231079718,2.8710442070805127,0.3696272558623972,0.10376046077898796,-5.543588463519971,5.751109385077946,0.0
1,Monte-Carlo,33,16,119,0.5806978328178121,0.7408667964998795,0.7561054733172914,-0.013677682008327283,-1.4716680527635868,1.4443126887469322,0.0
1,Monte-Carlo,33,21,119,45.333624006347094,47.41062855384331,-0.5907756691824495,-57.396016219866304,-95.31356624792328,-19.478466191809332,0.0
1,Monte-Carlo,33,25,119,49.90565317035905,49.91617548073207,-0.028187908671454636,-61.72040158037156,-66.85763319087746,-56.58316996986565,0.0
1,Monte-Carlo,33,30,119,1.057555009176334,1.3766937289390766,0.13149797538702468,0.13163762911380852,-2.5656756385115553,2.8289508967391725,0.0
1,Monte-Carlo,33,35,119,3.4215166623978535,5.947858672776813,0.24506520972331794,-0.04472696756134649,-12.752058920451889,12.662604985329194,0.0
1,Monte-Carlo,33,40,119,8.692212510762218,18.358992379518654,0.0720117325492779,-8.3804805160041,-43.47649907357374,26.715538041565544,0.0
1,Monte-Carlo,33,45,119,7.347548468226462,9.022254478166577,-0.010253847116939545,-0.014880085194219924,-17.773247216242723,17.74348704585428,0.0
1,Monte-Carlo,33,50,119,1.1484313623217002,1.559276347801899,0.21326001178267556,0.4450978790430385,-2.496310559723136,3.386506317809213,0.0
1,Monte-Carlo,33,53,119,5.659923857113665,7.519766791182223,0.04111264124590733,-1.8759430936479125,-16.20904098455915,12.457154797263325,0.0
1,SARSA,33,6,119,0.694325809712292,0.8406396407494904,0.15701865268957677,0.42333282799043115,-1.0061702442128926,1.8528359001937549,0.0
1,SARSA,33,11,119,1.9511579344474752,2.8016062404160933,0.39384762393926775,0.10707303897159001,-5.403264930899613,5.617411008842793,0.0
1,SARSA,33,16,119,0.5628083825382635,0.7261493941569982,0.7369215861341825,0.02556453060391466,-1.4028202724538368,1.4539493336616662,0.0
1,SARSA,33,21,119,44.97356897978047,47.197804759154955,-0.6192216306653169,-56.23828273760347,-94.58752704895923,-17.8890384262477,0.0
1,SARSA,33,25,119,50.0,50.0,0.13162751239420872,-61.7058132345622,-64.02608246441766,-59.38554400470674,0.0
1,SARSA,33,30,119,1.09743933951906,1.4193408404306542,0.10820725967624287,0.15421124079942683,-2.6229213664209996,2.931343848019853,0.0
1,SARSA,33,35,119,3.3412945754535848,5.84263948920604,0.2693932376617738,-0.1338631601226127,-12.648190444400047,12.380464124154823,0.0
1,SARSA,33,40,119,7.349574267616272,16.430061188483005,0.030704947812176607,-6.686183054624901,-36.7912164613351,23.418850352085293,0.0
1,SARSA,33,45,119,7.332867274703893,9.03018669815027,-0.023875466550833398,0.07549514035407831,-17.69788786710904,17.848878147817196,0.0
1,SARSA,33,50,119,1.308185701269763,1.6593525605248793,0.1869600442072008,0.1940588326933328,-3.0496122410215767,3.437729906408242,0.0
1,SARSA,33,53,119,5.934296348840636,8.012028448239317,-0.012497261643337192,-2.2302502629945553,-17.37693396033784,12.916433434348729,0.0
1,Q-learning,33,6,119,0.7054944028460695,0.8535104287275098,0.11469621493992274,0.41588699305511523,-1.0511384297961075,1.882912415906338,0.0
1,Q-learning,33,11,119,2.033345981689901,2.8528480711723656,0.3785038007559074,0.06552064864766974,-5.548223598765635,5.6792648960609755,0.0
1,Q-learning,33,16,119,0.538173135643187,0.6885603824411998,0.7779662785522818,-0.021133761458077802,-1.3757800818964634,1.3335125589803078,0.0
1,Q-learning,33,21,119,43.95325363395978,46.753053590479716,-0.5355196317354063,-55.68042690109965,-97.56112920821143,-13.799724593987875,0.0
1,Q-learning,33,25,119,49.90969947300954,49.919337889606965,0.0007619820427600538,-61.52929831160394,-66.11257701465033,-56.94601960855754,0.0
1,Q-learning,33,30,119,1.0842919718363841,1.402955713438996,0.1263597243948001,0.1714938810003385,-2.5692181553460665,2.912205917346743,0.0
1,Q-learning,33,35,119,3.3813627067521397,5.871505147308024,0.28706167499147145,-0.036502499687357325,-11.80488171853224,11.731876719157526,0.0
1,Q-learning,33,40,119,7.072141134051271,16.017477825501743,0.03386892324979408,-6.553880428848361,-37.240929199803375,24.13316834210665,0.0
1,Q-learning,33,45,119,7.327801616858867,9.013761138949079,-0.016843848584493434,0.05379919779437077,-17.68755873618258,17.79515713177132,0.0
1,Q-learning,33,50,119,1.2092013319144523,1.6311391426829214,0.17787040027040657,0.4342033486271427,-2.660507061067592,3.5289137583218775,0.0
1,Q-learning,33,53,119,5.921610603565563,7.871561605563202,0.0109635341699389,-2.149244679975937,-17.05403378471943,12.755544424767557,0.0
1,Contextual bandit,33,6,119,0.724294071405856,0.8698495259237161,0.0748836400785754,0.41963047191494146,-1.0800812599850125,1.9193422038148955,0.0
1,Contextual bandit,33,11,119,2.0678298898007537,2.8903843380568746,0.35136707969749514,0.10182803667457169,-5.583747901143827,5.787403974492971,0.0
1,Contextual bandit,33,16,119,0.5971721227171473,0.7750913355360062,0.7213174960302686,-0.02061095855539941,-1.5456741104406064,1.5044521933298074,0.0
1,Contextual bandit,33,21,119,45.692896505489166,47.61990073495768,-0.6314722546367733,-57.72704228666076,-93.93197684682995,-21.52210772649157,0.0
1,Contextual bandit,33,25,119,50.0,50.0,0.05636853440673692,-61.52265402556887,-63.95141070076497,-59.09389735037277,0.0
1,Contextual bandit,33,30,119,1.1025607116237617,1.4033616412187715,0.14583184397255142,0.20675442723021545,-2.5253226586169473,2.938831513077378,0.0
1,Contextual bandit,33,35,119,3.1133380996663558,4.4323197189660215,0.357983183530662,0.3686621819440431,-8.32518762590102,9.062511989789105,0.0
1,Contextual bandit,33,40,119,8.432799214739523,17.862688894067393,0.013893546406040583,-8.063622466845056,-42.23217891920121,26.104933985511103,0.0
1,Contextual bandit,33,45,119,7.42184129085239,9.113334217014332,-0.03268911182068305,0.12576983241377176,-17.8101843043196,18.061723969147145,0.0
1,Contextual bandit,33,50,119,1.2996765608370868,1.8534043736764687,0.12323632326250167,0.18649846237365458,-3.4430185186913005,3.81601544343861,0.0
1,Contextual bandit,33,53,119,5.769313562867717,7.874855628789706,0.01620503920253617,-2.361781662582901,-17.148238359146085,12.424675033980282,0.0
1,Supervised action classifier,11,6,119,0.724294071405856,0.8698495259237161,0.0748836400785754,0.41963047191494146,-1.0800812599850125,1.9193422038148955,0.0
1,Supervised action classifier,11,11,119,1.9473273617506404,2.7944428765195313,0.40162487485079046,0.06008545698343735,-5.4389100983860414,5.559081012352917,0.0
1,Supervised action classifier,11,16,119,0.5835293111546378,0.755819513593422,0.7085009308455559,-0.0013984826522400078,-1.4890660848607986,1.4862691195563187,0.0
1,Supervised action classifier,11,21,119,45.83532896640466,47.69714151167532,-0.6625768707171006,-57.6496990351102,-93.65428817452215,-21.645109895698255,0.0
1,Supervised action classifier,11,25,119,49.90565317035905,49.91617548073207,-0.020852059274588587,-61.44686064366923,-66.45314379636292,-56.44057749097554,0.0
1,Supervised action classifier,11,30,119,1.1141556822329464,1.4279517988602037,0.09771334668908697,0.16727303079303374,-2.6239961351798287,2.958542196765896,0.0
1,Supervised action classifier,11,35,119,3.3285988729714053,5.859076762438692,0.2989223198498215,-0.04528078687356651,-11.812779240843941,11.722217667096807,0.0
1,Supervised action classifier,11,40,119,7.895224186156459,17.327859677816534,0.07104351493761468,-7.432868835011064,-40.437255827397934,25.571518157375806,0.0
1,Supervised action classifier,11,45,119,7.4647827814796806,9.151115533737583,-0.021611777187395126,-0.024612811968365778,-18.03657455918483,17.987348935248097,0.0
1,Supervised action classifier,11,50,119,1.304113437379687,1.6742911191980132,0.15154365361574634,0.18009131204945705,-3.0962756534428926,3.4564582775418065,0.0
1,Supervised action classifier,11,53,119,5.876242585694657,7.886034696181751,0.01493884080364621,-2.0917955142636884,-17.057763518323632,12.874172489796257,0.0
2,Fixed | Raw,0,5,119,1.874723238509478,5.746530350901191,0.13872314915508208,-0.14031149402674303,-6.9862195164018335,6.705596528348348,0.8403361344537785
2,Fixed | Raw,0,10,119,1.7341680404162492,2.9199494874305194,-0.016685545619155938,0.06345036021141257,-5.682492830303685,5.80939355072651,0.0
2,Fixed | Raw,0,15,119,0.7059776875773066,0.906316888730829,0.6699732873312085,0.04405212444320657,-1.7377316588443683,1.8258359077307815,0.0
2,Fixed | Raw,0,20,119,1.0442268033527913,1.2706553972615091,0.01937699962152603,0.5063081764685975,-1.7875848250947597,2.800201178031955,0.0
2,Fixed | Raw,0,26,119,1.9737190287867656,3.97378236328495,-0.3815707387017281,-0.8486876150555395,-8.489770476072243,6.792395245961164,0.0
2,Fixed | Raw,0,27,119,1.682785113887923,5.617377386436662,0.15536688903213458,-0.5146478189170625,-11.778350317688359,10.749054679854234,0.0
2,Fixed | Raw,0,29,119,1.117755519044051,1.4016357019406098,0.0816937823189779,0.05117639699937174,-2.7058061903419457,2.8081589843406896,0.0
2,Fixed | Raw,0,34,119,1.6246423996230601,2.4163054652344202,0.40675621313578797,0.4219953729634221,-4.260896225184982,5.104886971111825,0.0
2,Fixed | Raw,0,39,119,3.2335736486633753,8.396302737383303,0.6452535622273061,2.375112263279721,-13.476232456248153,18.226456982807594,0.0
2,Fixed | Raw,0,44,119,2.5753957477160228,8.982854289880008,0.2957280189706879,-1.7078317725041705,-19.603987054700156,16.188323509691813,0.0
2,Fixed | Raw,0,49,119,0.9929468560629041,1.250861529705375,0.5035281425430456,0.12274933183175599,-2.3274225640760324,2.5729212277395446,0.0
2,Fixed | Moving average (5),0,5,119,1.9297745009172966,5.766197758609533,0.1397591975441571,-0.062266966206129454,-6.976919326458052,6.852385394045793,0.8403361344537785
2,Fixed | Moving average (5),0,10,119,1.8096518845304317,2.9673451364477725,-0.029414888532062505,0.16963119145128602,-5.661406153965843,6.000668536868415,0.0
2,Fixed | Moving average (5),0,15,119,0.6638909626720195,0.845974262239498,0.7100253535603401,0.05666673756197791,-1.6047141039617394,1.718047579085695,0.0
2,Fixed | Moving average (5),0,20,119,1.1275268654974504,1.3845019520453727,-0.07379472890775769,0.6111884476548923,-1.834003346366283,3.0563802416760675,0.0
2,Fixed | Moving average (5),0,26,119,1.9137335019166506,3.869338508370665,-0.4299371503074735,-0.7509323933572906,-8.222102166180626,6.720237379466044,0.0
2,Fixed | Moving average (5),0,27,119,1.46751438506805,4.163860528591673,0.12016492660902833,-0.19409601829007414,-8.380861855283637,7.992669818703489,0.0
2,Fixed | Moving average (5),0,29,119,1.0929099518474115,1.354007540763627,0.20946335614726921,0.23472436237767874,-2.3900008630435208,2.8594495877988786,0.0
2,Fixed | Moving average (5),0,34,119,1.6777187259457946,2.4407126246878086,0.38534562968631,0.5889765039143635,-4.073075694528174,5.2510287023569004,0.0
2,Fixed | Moving average (5),0,39,119,3.154386386910561,7.872016968415518,0.6999768228178906,2.3659405128528954,-12.412082140957192,17.14396316666298,0.0
2,Fixed | Moving average (5),0,44,119,2.8739963711977334,9.85498645627402,0.29714245967351716,-1.5295044147740486,-19.05532640362769,15.99631757407959,0.8403361344537785
2,Fixed | Moving average (5),0,49,119,1.0232694172220949,1.3122267067799576,0.482314403754064,0.2003100565625955,-2.3522597912144487,2.7528799043396397,0.0
2,Fixed | Moving average (11),0,5,119,1.935525883163273,6.169114910393286,0.1334935480130509,-0.1962950346994892,-8.349084628217868,7.95649455881889,0.8403361344537785
2,Fixed | Moving average (11),0,10,119,1.7275129707828403,2.8364077097340985,-0.04304626138394674,0.11955428253171027,-5.458350234997569,5.697458800060989,0.0
2,Fixed | Moving average (11),0,15,119,0.6611055824749873,0.8410749683843656,0.7256799331810206,0.04483277956194629,-1.6082910675050688,1.6979566266289614,0.0
2,Fixed | Moving average (11),0,20,119,1.1753042948918264,1.4535966339724997,-0.05424578745563354,0.6907538575522759,-1.826656144203771,3.2081638593083226,0.0
2,Fixed | Moving average (11),0,26,119,2.1307271648504433,5.213707895651711,-0.5002454895144517,-0.7162294365987079,-10.881013246118485,9.44855437292107,0.0
2,Fixed | Moving average (11),0,27,119,1.4414071073057226,4.177428547899644,0.11982462356577535,-0.14864152609271694,-8.365815426252746,8.068532374067312,0.0
2,Fixed | Moving average (11),0,29,119,1.2099258509320974,1.531096587927194,0.10255065274489109,0.27443211419683944,-2.6904021123043096,3.2392663406979887,0.0
2,Fixed | Moving average (11),0,34,119,1.6506340370510175,2.4455691490422735,0.3897891796547206,0.5498209133276311,-4.140532536279854,5.240174362935115,0.0
2,Fixed | Moving average (11),0,39,119,3.178036774749159,7.932277683035503,0.6954612508400926,2.4212594280581827,-12.44661366526067,17.289132521377038,0.0
2,Fixed | Moving average (11),0,44,119,2.6790335042809037,9.250325294710471,0.3410513781472718,-1.3315201964359118,-17.24857204424313,14.585531651371307,0.8403361344537785
2,Fixed | Moving average (11),0,49,119,1.012248698838087,1.2480383643584896,0.49260521731118073,0.16517665263931855,-2.2697123560165364,2.600065661295173,0.0
2,"Fixed | Savitzky-Golay (21,3)",0,5,119,1.9814616265872884,6.630736165265141,0.12665409553871412,-0.28504513602216647,-9.739635434323413,9.16954516227908,0.8403361344537785
2,"Fixed | Savitzky-Golay (21,3)",0,10,119,1.7804055988799574,3.1598988033938085,-0.08486934105961298,-0.022600483673610196,-6.242030916008323,6.196829948661103,0.0
2,"Fixed | Savitzky-Golay (21,3)",0,15,119,0.6686386020133334,0.8735141832116462,0.6954755502774755,0.057038419993188184,-1.6586193492993104,1.7726961892856867,0.0
2,"Fixed | Savitzky-Golay (21,3)",0,20,119,1.11224458054898,1.3767538552881808,-0.1240021749154301,0.5459594337794941,-1.9417095892134855,3.0336284567724734,0.0
2,"Fixed | Savitzky-Golay (21,3)",0,26,119,1.8250716305832757,2.998374075884861,-0.25574180051680406,-0.5187077923150096,-6.33138766994646,5.29397208531644,0.0
2,"Fixed | Savitzky-Golay (21,3)",0,27,119,1.689893855981276,5.7410276247507115,0.08238048804700816,0.0029657833623624816,-6.8304601561143885,6.836391722839113,0.8403361344537785
2,"Fixed | Savitzky-Golay (21,3)",0,29,119,1.1025691208633552,1.4128298388181448,0.17520295941925784,0.1449225200546356,-2.621264324375732,2.9111093644850032,0.0
2,"Fixed | Savitzky-Golay (21,3)",0,34,119,1.6287678068457443,2.4680147222182147,0.3631181456829693,0.40097281605556656,-4.392248919452556,5.194194551563689,0.0
2,"Fixed | Savitzky-Golay (21,3)",0,39,119,3.17518273110124,8.393553606169778,0.6448510809778907,2.3598374837473632,-13.494704689927836,18.214379657422562,0.0
2,"Fixed | Savitzky-Golay (21,3)",0,44,119,2.3850309292733893,8.937077963350761,0.35108839939424386,-0.7764467111407193,-13.051716359537318,11.498822937255879,1.6806722689075682
2,"Fixed | Savitzky-Golay (21,3)",0,49,119,1.0108618763572597,1.2437836049767246,0.5006980607509046,0.14574836780723935,-2.285509136609124,2.577005872223603,0.0
2,"Fixed | Butterworth (0.5-5 Hz, order 4)",0,5,119,1.7707366560243059,5.50628942649394,0.13991786689924854,-0.4876226581157987,-11.283002126271333,10.307756810039736,0.0
2,"Fixed | Butterworth (0.5-5 Hz, order 4)",0,10,119,1.470580733316174,2.1499375966727983,0.0649327525232745,0.2528176260408801,-3.9495177697454382,4.455153021827198,0.0
2,"Fixed | Butterworth (0.5-5 Hz, order 4)",0,15,119,0.7363457739601335,0.9259355609726369,0.6422680317758942,0.023852320662929846,-1.7980503294052383,1.8457549707310978,0.0
2,"Fixed | Butterworth (0.5-5 Hz, order 4)",0,20,119,1.0679064613625586,1.3149939729526177,-0.035943854785647336,0.4853527102920296,-1.9201829078380899,2.890888328422149,0.0
2,"Fixed | Butterworth (0.5-5 Hz, order 4)",0,26,119,1.9128343410451918,3.2292629802773356,-0.28877608452934816,-0.6578055462221598,-6.880655320044712,5.565044227600392,0.0
2,"Fixed | Butterworth (0.5-5 Hz, order 4)",0,27,119,1.778961538782611,5.1061378606674594,0.14901184567162745,-0.5712896438891378,-10.558535129070085,9.41595584129181,0.0
2,"Fixed | Butterworth (0.5-5 Hz, order 4)",0,29,119,1.1146286844910498,1.5303778845378924,0.16557748150221951,0.0034679725118918355,-3.00874805077958,3.015683995803364,0.0
2,"Fixed | Butterworth (0.5-5 Hz, order 4)",0,34,119,1.640602462197829,2.437858451660594,0.4125910562298479,0.41341301081282184,-4.315495049969111,5.142321071594755,0.0
2,"Fixed | Butterworth (0.5-5 Hz, order 4)",0,39,119,3.2568614760481935,8.410940118752546,0.6416362438132379,2.3700628806065276,-13.514239171312235,18.25436493252529,0.0
2,"Fixed | Butterworth (0.5-5 Hz, order 4)",0,44,119,2.0221084851461826,7.53784479665721,0.38477822816453544,-0.8320170257022129,-12.546961871047756,10.882927819643331,0.8403361344537785
2,"Fixed | Butterworth (0.5-5 Hz, order 4)",0,49,119,1.0219704782901151,1.4591060259906983,0.42462484950520984,-0.040901657591361114,-2.911713305299415,2.8299099901166924,0.0
2,"Fixed | Butterworth (0.7-4 Hz, order 3)",0,5,119,1.3660306427283941,3.0203005791664013,0.11796745403057701,-0.0909474569601853,-6.033071722659481,5.851176808739111,0.0
2,"Fixed | Butterworth (0.7-4 Hz, order 3)",0,10,119,1.4216263740662634,1.8647046976133803,0.23936475579098349,0.30677242539865146,-3.313493431387276,3.927038282184579,0.0
2,"Fixed | Butterworth (0.7-4 Hz, order 3)",0,15,119,0.702579324841346,0.8765133977982001,0.6950148180127003,-0.10405762106382002,-1.8170873015770137,1.6089720594493737,0.0
2,"Fixed | Butterworth (0.7-4 Hz, order 3)",0,20,119,1.0430410994208816,1.2996681259059497,-0.04005935540882846,0.4290991140565633,-1.9855743672434207,2.843772595356547,0.0
2,"Fixed | Butterworth (0.7-4 Hz, order 3)",0,26,119,2.238754658787236,4.143019901007587,-0.41086519922070974,-0.9715399630931985,-8.898810244232388,6.95573031804599,0.0
2,"Fixed | Butterworth (0.7-4 Hz, order 3)",0,27,119,1.3389120867733981,3.2477299698597664,0.11698346512702151,-0.13465954651081366,-6.521628878577242,6.252309785555615,0.0
2,"Fixed | Butterworth (0.7-4 Hz, order 3)",0,29,119,1.0887360350851942,1.519315823160964,0.13866414280533268,0.025552247086553372,-2.964475232403575,3.0155797265766813,0.0
2,"Fixed | Butterworth (0.7-4 Hz, order 3)",0,34,119,1.700364328506503,2.452810149604068,0.40283360180715433,0.44615618771527765,-4.301140540833342,5.1934529162638965,0.0
2,"Fixed | Butterworth (0.7-4 Hz, order 3)",0,39,119,4.133774283788708,9.770026052751403,0.4893528446897335,3.258686376255945,-14.870339692659147,21.387712445171037,0.0
2,"Fixed | Butterworth (0.7-4 Hz, order 3)",0,44,119,1.9417401264199825,6.79921577260193,0.3490307731353378,-1.1561720132596236,-14.344080794362897,12.031736767843649,0.0
2,"Fixed | Butterworth (0.7-4 Hz, order 3)",0,49,119,0.9373805434054466,1.2235856283084285,0.5210783085868461,-0.04458782191341815,-2.4513566353401126,2.3621809915132763,0.0
2,Monte-Carlo,11,5,119,1.8269041952202776,6.1472534494608455,0.09616702887384795,-0.03411249933720099,-8.131069423701373,8.06284442502697,0.8403361344537785
2,Monte-Carlo,11,10,119,1.6651239696600386,2.733567496005009,-0.09762969863365774,0.1094555652420463,-5.266676362413146,5.485587492897239,0.0
2,Monte-Carlo,11,15,119,0.7136086807067529,0.9037680073480061,0.6667397423459055,0.06295228628690061,-1.7116023603076298,1.8375069328814309,0.0
2,Monte-Carlo,11,20,119,1.0798038993121288,1.315802778943005,-0.048627032877568546,0.545238531252175,-1.8118233398671184,2.9023004023714685,0.0
2,Monte-Carlo,11,26,119,1.905819594543601,3.8342688875497952,-0.393773905328477,-0.6674633773303232,-8.0991788741899,6.764252119529252,0.0
2,Monte-Carlo,11,27,119,1.5597780813486972,4.192874969523264,0.1276110319125684,-0.31629491394872256,-8.545563287060476,7.912973459163032,0.0
2,Monte-Carlo,11,29,119,1.0962078228697794,1.4525010318047602,0.1674522860605963,0.11883052797479472,-2.7305256329706338,2.968186688920223,0.0
2,Monte-Carlo,11,34,119,1.598741612251469,2.357227945048793,0.4098690924205801,0.3952717350597043,-4.178735444186676,4.969278914306084,0.0
2,Monte-Carlo,11,39,119,3.228477454050758,8.376287715161277,0.6467415614359819,2.3773236304430254,-13.43165627603263,18.18630353691868,0.0
2,Monte-Carlo,11,44,119,2.678075525510295,9.044928041161056,0.33487733772337536,-1.821399649562649,-19.259719506054292,15.616920206928993,0.0
2,Monte-Carlo,11,49,119,0.9333710101174303,1.2065314819024853,0.5326490823965293,0.10232414949626936,-2.2639209890233563,2.468569288015895,0.0
2,SARSA,11,5,119,1.8342773739890066,5.890488263902352,0.12604004706788235,-0.15567120000183005,-7.462822389993494,7.151479989989833,0.8403361344537785
2,SARSA,11,10,119,1.6055970047139507,2.417663695588185,-0.012126553436770243,0.2238833222440807,-4.514326562367713,4.962093206855875,0.0
2,SARSA,11,15,119,0.6444300871987991,0.8324507632898436,0.7278883071256885,-0.0004728448313754529,-1.6389750650264625,1.6380293753637114,0.0
2,SARSA,11,20,119,1.0850308010176377,1.3433515530570885,-0.046480821702108405,0.5202890267156672,-1.9174434432646843,2.958021496696019,0.0
2,SARSA,11,26,119,2.0432804541937895,4.079133582801699,-0.3458359904259815,-0.8265040281775359,-8.688875912235604,7.035867855880531,0.0
2,SARSA,11,27,119,1.5873375139781538,5.058649765622677,0.14175853316508388,-0.35171856217585823,-10.284500239685718,9.581063115334002,0.0
2,SARSA,11,29,119,1.1362429696027883,1.4628397521833636,0.12268808611300096,0.10878306224669895,-2.7625338852874863,2.980100009780884,0.0
2,SARSA,11,34,119,1.6655426540348928,2.4545480491839915,0.38498634207510196,0.4472012234316399,-4.303193505062503,5.197595951925783,0.0
2,SARSA,11,39,119,3.2767184067733996,8.079327929099248,0.6843117404646701,2.4810576222510847,-12.65299945569879,17.61511470020096,0.0
2,SARSA,11,44,119,2.6167736734183453,9.65847009516547,0.3063564642560632,-1.4212922032732815,-18.47149732173074,15.628912915184177,0.8403361344537785
2,SARSA,11,49,119,0.9931604751970066,1.2532535056131437,0.5094367285918537,0.1471336916353403,-2.3025708096345907,2.5968381929052713,0.0
2,Q-learning,11,5,119,2.152113796472965,6.780137165419992,0.13879748312422974,-0.3929933617598055,-10.238514714683468,9.452527991163858,0.8403361344537785
2,Q-learning,11,10,119,1.6587802770330693,2.7624925103799742,0.037327983410657045,0.14564186642334856,-5.284175866859932,5.575459599706629,0.0
2,Q-learning,11,15,119,0.6892267383848936,0.8704068714504971,0.6884766015294432,0.04344239371583139,-1.6676334466520288,1.7545182340836918,0.0
2,Q-learning,11,20,119,1.1085217487380596,1.3511308901230838,-0.004997489948249979,0.5811482478946584,-1.8196957887309386,2.9819922845202553,0.0
2,Q-learning,11,26,119,1.8698992912474508,3.3910690069136753,-0.42032241944258225,-0.693482337161718,-7.227020491988334,5.840055817664899,0.0
2,Q-learning,11,27,119,1.66134644998586,5.079250252346628,0.138721292697274,-0.4101655962682153,-10.374940400804002,9.554609208267573,0.0
2,Q-learning,11,29,119,1.069345668790487,1.3570758165041257,0.2473113481964978,0.2359681875820281,-2.394457811857256,2.8663941870213128,0.0
2,Q-learning,11,34,119,1.632541924299883,2.3876927546546347,0.4132161416728992,0.4644700630260173,-4.145419194960314,5.074359321012349,0.0
2,Q-learning,11,39,119,3.134622729529662,7.952907574012734,0.6898410638256975,2.3107279362632047,-12.667575117700682,17.289030990227094,0.0
2,Q-learning,11,44,119,2.0501467152822457,7.905749493701362,0.3582203716625143,-0.8969689090550798,-13.656572005358894,11.862634187248736,0.8403361344537785
2,Q-learning,11,49,119,0.9634125200502122,1.2280699109169915,0.5161728059333623,0.03489595908311571,-2.3813227204802825,2.451114638646514,0.0
2,Contextual bandit,11,5,119,1.8760146153251218,6.191147201470513,0.09851466648068356,-0.06561395311779489,-8.29146546599514,8.16023755975955,0.8403361344537785
2,Contextual bandit,11,10,119,1.5452879402413733,2.385171632557786,0.1821219104538146,0.2526369234144584,-4.415657503184627,4.920931350013544,0.0
2,Contextual bandit,11,15,119,0.7144795018957266,0.8980014963673065,0.6660148027845154,-0.001760265193853423,-1.7692820466321846,1.7657615162444775,0.0
2,Contextual bandit,11,20,119,1.049761364385663,1.3074612630414746,-0.053522151903329124,0.5063267540237094,-1.8663279118640608,2.8789814199114794,0.0
2,Contextual bandit,11,26,119,1.8399700879457856,3.033119919000667,-0.2608000256281504,-0.5088476268544325,-6.3942876365731856,5.37659238286432,0.0
2,Contextual bandit,11,27,119,1.3495668177993658,3.3037290585368297,0.11198530502706483,-0.06207908737164452,-6.563619797115466,6.439461622372177,0.0
2,Contextual bandit,11,29,119,1.1061635307582698,1.4419352989235152,0.16007597488666422,0.10009146881715349,-2.7312059401496,2.931388877783907,0.0
2,Contextual bandit,11,34,119,1.6842517754432484,2.449280276014962,0.38674057869869893,0.4690463084321241,-4.262616053065833,5.200708669930081,0.0
2,Contextual bandit,11,39,119,3.0944586556166223,7.858064175738316,0.7004387327091831,2.3338748478026585,-12.435130032912946,17.102879728518264,0.0
2,Contextual bandit,11,44,119,2.277520880735703,8.408251303294676,0.34138243502392784,-1.1488071664671937,-15.184760218989249,12.887145886054862,0.8403361344537785
2,Contextual bandit,11,49,119,0.9213370103265673,1.1662205707384974,0.5489992098103282,0.07704425924078624,-2.2133986237625436,2.3674871422441157,0.0
2,Monte-Carlo,22,5,119,1.4700918955332212,3.492647336484723,0.11060753933293499,0.008366053768828301,-6.866148540184709,6.882880647722366,0.0
2,Monte-Carlo,22,10,119,1.6007151579168124,2.5204773159157514,-0.08629631010103263,0.1730316624112391,-4.776288351983636,5.1223516768061135,0.0
2,Monte-Carlo,22,15,119,0.7075476934491729,0.8930681061615358,0.6792171646470082,-0.007495468347866181,-1.7652484023493884,1.7502574656536563,0.0
2,Monte-Carlo,22,20,119,1.1141569731577914,1.3756240723685864,-0.05059230171778424,0.5254822601440717,-1.9768065905628203,3.027771110850964,0.0
2,Monte-Carlo,22,26,119,2.0076169716682157,3.7925157255403357,-0.39064210581296643,-0.7050615185097603,-8.039690096845542,6.62956705982602,0.0
2,Monte-Carlo,22,27,119,1.5048499427805615,4.030512833654838,0.14062681796707235,-0.29649156463055987,-8.208206125995645,7.615222996734525,0.0
2,Monte-Carlo,22,29,119,1.1034079360134865,1.4207418907821185,0.13199373474237353,0.12141055016525844,-2.6647886178977576,2.907609718228274,0.0
2,Monte-Carlo,22,34,119,1.6363726702762624,2.4369355316694272,0.3957608030629529,0.4728940650883076,-4.232517908042773,5.178306038219388,0.0
2,Monte-Carlo,22,39,119,3.5894812539941525,9.245344693305793,0.551449797889966,2.7563405471133295,-14.613614341751418,20.126295435978076,0.0
2,Monte-Carlo,22,44,119,2.924162143354157,10.06968478956605,0.3194208204433868,-1.2037587515058052,-16.58045171674759,14.172934213735978,1.6806722689075682
2,Monte-Carlo,22,49,119,0.9944605787669848,1.253331568678408,0.48872232889687495,0.09390520166148722,-2.366077756610992,2.5538881599339667,0.0
2,SARSA,22,5,119,1.7159829522159418,5.199000125392893,0.10203096053298678,0.23553353636854196,-4.592665084426673,5.063732157163757,0.8403361344537785
2,SARSA,22,10,119,1.811379717467556,3.0960861824826664,-0.0657364546782681,0.03561499873195792,-6.057969724589975,6.129199722053891,0.0
2,SARSA,22,15,119,0.671840727015612,0.8659675090759251,0.6986844213033037,-0.001021995679233195,-1.7054938870825582,1.7034498957240918,0.0
2,SARSA,22,20,119,1.085998004399857,1.3257237761730147,-0.02357506830981054,0.5415500798121033,-1.8402137300958883,2.923313889720095,0.0
2,SARSA,22,26,119,2.1670580461460833,4.529356410683497,-0.3894040076601549,-0.8964408739204869,-9.635164024362986,7.842282276522012,0.0
2,SARSA,22,27,119,1.5578198982580516,4.653337415715432,0.13506829121818134,-0.2672233410253347,-9.411214743755165,8.876768061704494,0.0
2,SARSA,22,29,119,1.0781970383268684,1.3838216230206908,0.13332622195580973,0.08831484512623135,-2.629891543035256,2.8065212332877185,0.0
2,SARSA,22,34,119,1.6475676649535929,2.447355084806145,0.3749757444191396,0.46720300443544893,-4.26130555328476,5.195711562155658,0.0
2,SARSA,22,39,119,3.532871046226703,9.191647785883688,0.5578662831604322,2.7555312714911864,-14.504166376465726,20.0152289194481,0.0
2,SARSA,22,44,119,2.8303700623723214,9.82074412780707,0.3295282668698835,-1.0780767179317663,-15.794080259374164,13.63792682351063,1.6806722689075682
2,SARSA,22,49,119,0.9586404628074449,1.238632446238096,0.5075167210839455,0.14995025828760394,-2.2701033303612435,2.570003846936451,0.0
2,Q-learning,22,5,119,1.9183202064797347,5.9072701656187645,0.14030061063185173,-0.09310810026769274,-7.457098678600513,7.270882478065127,0.8403361344537785
2,Q-learning,22,10,119,1.7515027748581846,2.8983747111664693,-0.018961234458454084,0.06890897693283946,-5.634313356921175,5.772131310786853,0.0
2,Q-learning,22,15,119,0.7170796600738216,0.9210923205191169,0.6604623003722447,0.09553913735476188,-1.7076565024901829,1.8987347771997065,0.0
2,Q-learning,22,20,119,1.0905320408536998,1.3377136779019116,-0.04715740521559198,0.5373225642622863,-1.8739400397499097,2.9485851682744824,0.0
2,Q-learning,22,26,119,1.9219081275168208,3.659649883727214,-0.3278161325597134,-0.7108298649462444,-7.776888510669061,6.355228780776572,0.0
2,Q-learning,22,27,119,1.4697995958888799,4.123230991435521,0.12501033819044882,-0.2315788262367372,-8.334472743415471,7.871315090941997,0.0
2,Q-learning,22,29,119,1.1405219222649698,1.507307562240116,0.20690881598081912,0.07670592402838479,-2.886264693788358,3.039676541845128,0.0
2,Q-learning,22,34,119,1.6942135700126217,2.4970638619152328,0.4055446279022151,0.49791638428956014,-4.318321685070905,5.314154453650025,0.0
2,Q-learning,22,39,119,3.1447794483282356,7.890851796275996,0.6986101830825271,2.3843758318682498,-12.421058356406078,17.189810020142577,0.0
2,Q-learning,22,44,119,2.4095264793205384,8.38118453298101,0.29725120501131014,-1.4752365873083089,-18.279196188473502,15.328723013856884,0.0
2,Q-learning,22,49,119,0.9953176742446763,1.266611387216857,0.4955588740007554,0.06358368940088527,-2.4263284904518256,2.553495869253596,0.0
2,Contextual bandit,22,5,119,1.4122259074278067,2.693169042402615,0.12255327457938711,0.006199642008724265,-5.294717445038291,5.307116729055739,0.0
2,Contextual bandit,22,10,119,1.6522570852904697,2.717806798955947,-0.138245642673476,0.1541349866654467,-5.186680555217008,5.494950528547903,0.0
2,Contextual bandit,22,15,119,0.7397447908425896,0.9567075072473593,0.6336770093736919,0.031279117481913456,-1.8507896606623417,1.9133478956261685,0.0
2,Contextual bandit,22,20,119,1.103457537950299,1.3635671919411363,-0.0733761810221482,0.5205207451713975,-1.9601257760001638,3.0011672663429585,0.0
2,Contextual bandit,22,26,119,1.9600651045543347,4.036105086632953,-0.38521226084057064,-0.7022063889569259,-8.525264406243426,7.120851628329575,0.0
2,Contextual bandit,22,27,119,1.7142737971852922,5.748914955023163,0.1355266009041255,-0.4396115007687445,-11.969599727903496,11.090376726366006,0.0
2,Contextual bandit,22,29,119,1.0625301934915599,1.5166627757435964,0.11322051555165943,-0.034514903619626745,-3.018970276884532,2.9499404696452785,0.0
2,Contextual bandit,22,34,119,1.6815563383193666,2.478371032878185,0.40173035209716856,0.4444347752629871,-4.354636481278114,5.243506031804089,0.0
2,Contextual bandit,22,39,119,3.875916911765329,9.51728861109425,0.5173664419663146,3.1068730636567428,-14.599634685611324,20.81338081292481,0.0
2,Contextual bandit,22,44,119,2.5652188435808903,9.056120706092546,0.34353558729200073,-1.4413748347560478,-16.87773525757325,13.994985588061155,0.8403361344537785
2,Contextual bandit,22,49,119,0.9644920240511187,1.2024410070127827,0.5352013044848579,0.09824113277109957,-2.2605961502191647,2.457078415761364,0.0
2,Monte-Carlo,33,5,119,1.87452417130495,5.746913903521215,0.12529179197753312,-0.049229516908609584,-6.9012780107272835,6.802818976910064,0.8403361344537785
2,Monte-Carlo,33,10,119,1.744997451463172,2.9699263873128716,-0.03215030146650023,0.03959674634193121,-5.8055528474956235,5.884746340179485,0.0
2,Monte-Carlo,33,15,119,0.6654700711738876,0.819470222087189,0.7196583885976497,-0.03424501592082974,-1.6457890663291324,1.5772990344874727,0.0
2,Monte-Carlo,33,20,119,1.0695638136784416,1.3401587906229921,0.0070780846299709765,0.5467321466975168,-1.8615942058699684,2.955058499265002,0.0
2,Monte-Carlo,33,26,119,2.195470234773888,4.883916154247693,-0.49199996898375464,-0.9052777162933466,-10.351645106426629,8.541089673839936,0.0
2,Monte-Carlo,33,27,119,1.7160453307974821,5.656471021351259,0.14228257586259846,-0.5376245175135798,-11.872738302084315,10.797489267057156,0.0
2,Monte-Carlo,33,29,119,1.179387261279134,1.4654787722400333,0.15172072794097544,0.20982085759422506,-2.644944801740416,3.064586516928866,0.0
2,Monte-Carlo,33,34,119,1.630276653116987,2.420038045187039,0.3998853622337244,0.47617736536653815,-4.194034102472598,5.146388833205673,0.0
2,Monte-Carlo,33,39,119,3.2372275845202036,8.416113441668033,0.6426179667768774,2.3605215224076144,-13.539892576963139,18.260935621778366,0.0
2,Monte-Carlo,33,44,119,2.429269202240861,8.191786160090203,0.34418916045004916,-1.6471044735336566,-17.441604367737888,14.147395420670573,0.0
2,Monte-Carlo,33,49,119,1.0035863172563586,1.235603381785971,0.5018138034151107,0.12546280814622937,-2.2939900201053254,2.544915636397784,0.0
2,SARSA,33,5,119,1.7518714537754554,5.090153134136998,0.14990753834611825,-0.5453280122761061,-10.50655043316177,9.415894408609557,0.0
2,SARSA,33,10,119,1.7343055218778927,2.966544443316254,-0.06084721900804288,0.05156729760064902,-5.786562991338173,5.889697586539472,0.0
2,SARSA,33,15,119,0.7014176034579681,0.8827981108355926,0.6857153377203343,0.031093130428927883,-1.7054293077455702,1.767615568603426,0.0
2,SARSA,33,20,119,1.085738071818145,1.3317264052927196,-0.017433792873147044,0.5246901501995233,-1.8845094778305622,2.9338897782296085,0.0
2,SARSA,33,26,119,1.9317787573100977,3.283993704717793,-0.37888479142778864,-0.6080071752827354,-6.960102030659964,5.744087680094493,0.0
2,SARSA,33,27,119,1.3610845167325067,3.551606672448724,0.11607510563419847,-0.13876729505700158,-7.124012597386119,6.846478007272116,0.0
2,SARSA,33,29,119,1.1168708271757188,1.4722950907881105,0.18142243495263297,0.0926864717260434,-2.7994655052596107,2.984838448711698,0.0
2,SARSA,33,34,119,1.6030728144300332,2.3965109495504597,0.386227015254332,0.43531974600930357,-4.203229366348172,5.0738688583667795,0.0
2,SARSA,33,39,119,3.3519733284567743,8.448040151058796,0.6445057077550678,2.5953151116690703,-13.22875253808025,18.41938276141839,0.0
2,SARSA,33,44,119,2.120485918967819,8.125862490728748,0.35184246456555857,-0.9156239197112884,-14.055709936695582,12.224462097273005,0.8403361344537785
2,SARSA,33,49,119,1.051427860454544,1.4803970993891218,0.3840033887839418,0.01320484919960182,-2.900526431080733,2.9269361294799365,0.0
2,Q-learning,33,5,119,1.6734821701896543,5.184692955994492,0.12697600997536654,0.13223752834743044,-4.6508807224416815,4.915355779136543,0.8403361344537785
2,Q-learning,33,10,119,1.7398422987073414,2.8234780995338435,-0.002715497973033519,0.08247950115868706,-5.472565632539513,5.637524634856887,0.0
2,Q-learning,33,15,119,0.7399139704529717,0.9464539566517377,0.643019438576506,-0.03305564287928326,-1.894812660177548,1.8287013744189815,0.0
2,Q-learning,33,20,119,1.1667451763198857,1.4207298017065721,-0.11212523682896529,0.46162441240790997,-2.1830510717652674,3.1062998965810875,0.0
2,Q-learning,33,26,119,1.9915415195459634,3.4899699201270495,-0.3425007700159781,-0.7814578564799293,-7.476301972613125,5.913386259653266,0.0
2,Q-learning,33,27,119,1.4144766518712775,3.777967639550053,0.1306588801717832,-0.22234862820711074,-7.6455855594429725,7.200888303028751,0.0
2,Q-learning,33,29,119,1.078567849595883,1.4202395437961493,0.19831865378805363,0.050297945566064144,-2.7433882728107872,2.8439841639429155,0.0
2,Q-learning,33,34,119,1.6547860637002394,2.4920813870828797,0.36176730938209833,0.45016985012405003,-4.374269898246553,5.274609598494653,0.0
2,Q-learning,33,39,119,3.527290086609458,8.647773981113495,0.6285402667875776,2.7452779768992004,-13.39557338766829,18.886129341466688,0.0
2,Q-learning,33,44,119,2.437099529905763,8.531322567352483,0.36962469544939613,-1.1221445364675826,-15.17277940124437,12.928490328309206,0.8403361344537785
2,Q-learning,33,49,119,0.975647921680726,1.2301027390612416,0.5146905917140776,0.09846940152377358,-2.3149565901942273,2.5118953932417742,0.0
2,Contextual bandit,33,5,119,1.6893012833202699,4.913693977611639,0.1504884963139081,-0.3960414429323055,-10.036138390291605,9.244055504426992,0.0
2,Contextual bandit,33,10,119,1.6970617637880119,2.698064156785195,0.021408607723709047,0.14476786333797484,-5.158148224803149,5.4476839514791,0.0
2,Contextual bandit,33,15,119,0.7043366084770759,0.9084237560148621,0.6618744907273288,0.01784663451430186,-1.769847462885478,1.8055407319140815,0.0
2,Contextual bandit,33,20,119,1.1141868449354722,1.3605898980070088,-0.06197997511487144,0.5677910188202072,-1.8659058014720635,3.001487839112478,0.0
2,Contextual bandit,33,26,119,2.1510386614864374,4.344225852349606,-0.450995813101535,-0.8567443386638939,-9.239497687593238,7.526009010265449,0.0
2,Contextual bandit,33,27,119,1.5878885877185813,5.021211351209668,0.15439943875243356,-0.40189846078046004,-10.253377503712702,9.449580582151782,0.0
2,Contextual bandit,33,29,119,1.1134482939062222,1.4749186681768858,0.1769113948892706,0.11998724977850325,-2.7734544746752383,3.013428974232245,0.0
2,Contextual bandit,33,34,119,1.6923920089477804,2.4617726931550097,0.38130504299363743,0.469320451011696,-4.287287072268561,5.225927974291953,0.0
2,Contextual bandit,33,39,119,3.1686707280862083,8.409770910014052,0.6430883141915957,2.3581018693220877,-13.53069785065143,18.246901589295604,0.0
2,Contextual bandit,33,44,119,2.369885361788941,8.658690766601346,0.3488159073285014,-1.1770757958334876,-15.74698596942813,13.392834377761153,0.8403361344537785
2,Contextual bandit,33,49,119,0.9577064427512058,1.2428855544903719,0.5099383617152025,0.0035730523486610043,-2.4427730183005103,2.449919122997832,0.0
2,Supervised action classifier,11,5,119,1.6052570912873283,3.6658536050763466,0.16760397262012278,-0.298896774355201,-7.49032660332357,6.892533054613168,0.0
2,Supervised action classifier,11,10,119,1.3800869372961768,1.7987217537282993,0.27445374257244054,0.4050734755138618,-3.0443837108113763,3.8545306618391,0.0
2,Supervised action classifier,11,15,119,0.7046206230123501,0.9051536110989359,0.6733631967088812,0.057100822183172056,-1.7209532007446633,1.8351548451110076,0.0
2,Supervised action classifier,11,20,119,1.0488940601323842,1.272538292444329,0.012071654047932874,0.49768639670333986,-1.8075320972522704,2.80290489065895,0.0
2,Supervised action classifier,11,26,119,1.9648666840211084,3.9750565488564273,-0.3937087309016674,-0.8277462241451083,-8.480287979811477,6.82479553152126,0.0
2,Supervised action classifier,11,27,119,1.6944521279723426,5.648539786993024,0.15211079462032986,-0.502980804832643,-11.82892898855978,10.822967378894495,0.0
2,Supervised action classifier,11,29,119,1.1424324428499442,1.5621151247324092,0.07309037815391095,0.03428795443963526,-3.03966305224802,3.1082389611272907,0.0
2,Supervised action classifier,11,34,119,1.6246423996230601,2.4163054652344202,0.40675621313578797,0.4219953729634221,-4.260896225184982,5.104886971111825,0.0
2,Supervised action classifier,11,39,119,3.3845551685519255,8.210307319773634,0.668488781543794,2.4791476043039617,-12.926770478746239,17.88506568735416,0.0
2,Supervised action classifier,11,44,119,2.374619329696801,8.572711597009544,0.2978424626650229,-1.5099273657443812,-18.714753631186078,15.694898899697314,0.0
2,Supervised action classifier,11,49,119,0.9969931587133942,1.2525214472900053,0.501219519915731,0.11870302918126592,-2.335523128403116,2.5729291867656476,0.0
3,Fixed | Raw,0,1,119,1.6496993027031106,6.557242619330649,0.5778538196513304,0.2414502445378955,-1.6660881966651315,2.1489886857409224,1.6806722689075682
3,Fixed | Raw,0,4,119,1.7063060749836443,6.018322091447091,0.6181362988238015,-0.6077450926744762,-8.22388170631579,7.008391520966837,0.8403361344537785
3,Fixed | Raw,0,9,119,0.46865729042107823,0.5869088077903222,0.5330654800805451,0.03165039725433322,-1.121873930724912,1.1851747252335783,0.0
3,Fixed | Raw,0,14,119,0.832839644974511,1.1878215104217626,0.14634727299289185,0.06911699979904326,-2.2648959385496057,2.4031299381476923,0.0
3,Fixed | Raw,0,19,119,1.4719942905968892,1.8651608361774166,0.08134104021770261,0.4400825495060799,-3.1274365113622142,4.007601610374374,0.0
3,Fixed | Raw,0,24,119,5.944308461740315,7.147240629501585,0.0776307115379421,-0.5504650294620472,-14.576504422929565,13.47557436400547,0.0
3,Fixed | Raw,0,33,119,4.848294875733759,6.346846557792643,0.04885903535914397,-1.0858787531858354,-13.394103333343752,11.222345826972083,0.0
3,Fixed | Raw,0,38,119,1.5324890219798724,2.23408589071644,0.788159522932848,-0.5310363422769716,-4.802329276069393,3.7402565915154504,0.0
3,Fixed | Raw,0,43,119,3.1527079713751807,3.9863698338981606,0.461104960883654,0.9172347262491332,-6.718560481327868,8.553029933826135,0.0
3,Fixed | Raw,0,48,119,3.0034463190761453,4.566663430330554,0.291213935733993,0.4608521708006694,-8.481767333970105,9.403471675571442,0.0
3,Fixed | Raw,0,52,119,0.6124040157689026,0.7168429112055582,0.7587273544096312,-0.11727806685435704,-1.5092201020355693,1.274663968326855,0.0
3,Fixed | Moving average (5),0,1,119,1.611132215811891,6.552935385077205,0.595889744043109,0.24089561255325392,-1.6076712456045226,2.0894624707110303,1.6806722689075682
3,Fixed | Moving average (5),0,4,119,1.66108908060044,5.616049464936881,0.6916713133888356,-0.5509327179051534,-6.873418380138684,5.771552944328377,0.8403361344537785
3,Fixed | Moving average (5),0,9,119,0.5053209938601521,0.6269789506844761,0.4621560782193379,0.11347300476167897,-1.1002224595185421,1.3271684690419001,0.0
3,Fixed | Moving average (5),0,14,119,0.7965959347498752,1.1330539217561297,0.20874361825274476,0.15437948072723337,-2.054998686192865,2.3637576476473314,0.0
3,Fixed | Moving average (5),0,19,119,1.5783132809632174,2.032841271070794,0.0734395498720313,0.7040633001869315,-3.0495072724948034,4.457633872868667,0.0
3,Fixed | Moving average (5),0,24,119,6.029224960705804,7.2521031908445215,0.02102888564620563,-0.437316607397281,-14.685564552635565,13.810931337841001,0.0
3,Fixed | Moving average (5),0,33,119,4.814211631991962,6.360601739091068,0.01888022372017538,-0.3609216924869881,-12.860243577908374,12.138400192934398,0.0
3,Fixed | Moving average (5),0,38,119,1.4120738816636744,2.005668243956886,0.8206333376724864,-0.3514999313286924,-4.238134252960442,3.535134390303058,0.0
3,Fixed | Moving average (5),0,43,119,3.154570057121519,4.008884467530913,0.4592586306629261,0.9547070481051377,-6.708908257939991,8.618322354150267,0.0
3,Fixed | Moving average (5),0,48,119,2.9930971708907728,4.498313216938985,0.2987957608038687,0.4166639780987275,-8.399245905089654,9.232573861287108,0.0
3,Fixed | Moving average (5),0,52,119,0.630025116329561,0.7315297847720559,0.7429957920104808,-0.05782200381254379,-1.493178002659125,1.3775339950340373,0.0
3,Fixed | Moving average (11),0,1,119,1.5804385740754339,6.545542426944532,0.6441070819847216,0.25961356599579816,-1.4722268272055752,1.9914539591971714,1.6806722689075682
3,Fixed | Moving average (11),0,4,119,1.7920741072772655,6.618007492125194,0.9166033011833511,-0.24477603401083733,-2.850065488228666,2.3605134202069915,1.6806722689075682
3,Fixed | Moving average (11),0,9,119,0.4855402275642515,0.6090655856157589,0.5048812047632849,0.07116696327363284,-1.1194373974006537,1.2617713239479196,0.0
3,Fixed | Moving average (11),0,14,119,0.8748152612037438,1.2706080615345365,0.09209455591291743,0.08063369892428915,-2.4152473310946805,2.576514728943259,0.0
3,Fixed | Moving average (11),0,19,119,1.5576283166801008,1.994639750954682,0.03809083720845973,0.6675028187361092,-3.032159370162029,4.367165007634247,0.0
3,Fixed | Moving average (11),0,24,119,6.037468542078666,7.308909517737031,0.019296758919302444,-0.5990442656786029,-14.936678897946543,13.738590366589335,0.0
3,Fixed | Moving average (11),0,33,119,4.981528718824858,6.554758297311403,0.027303872720606037,-0.45031412441354435,-13.321481158611935,12.420852909784845,0.0
3,Fixed | Moving average (11),0,38,119,1.3355562880586138,1.991447460261851,0.8202115821837641,-0.257087534210683,-4.1440288965403695,3.629853828119004,0.0
3,Fixed | Moving average (11),0,43,119,3.10785802241124,3.9607302588942574,0.4706910661000186,0.9010100263054535,-6.6904495724721285,8.492469625083036,0.0
3,Fixed | Moving average (11),0,48,119,3.4347184829192314,6.433516942348473,0.2017547191236494,0.006121698912424685,-12.848551193402278,12.860794591227128,0.0
3,Fixed | Moving average (11),0,52,119,0.6379642492040803,0.746938704670794,0.7342279106092244,-0.12513883540776138,-1.5745493662163736,1.3242716954008509,0.0
3,"Fixed | Savitzky-Golay (21,3)",0,1,119,1.61923317454483,6.555912409384557,0.5652314177473987,0.24943022015850294,-1.635982680061293,2.134843120378299,1.6806722689075682
3,"Fixed | Savitzky-Golay (21,3)",0,4,119,1.745771293317396,6.599406317659286,0.9301321507843694,-0.2989940265986845,-2.6873780307058293,2.08938997750846,1.6806722689075682
3,"Fixed | Savitzky-Golay (21,3)",0,9,119,0.5169220116404807,0.6455502168975067,0.41238142679420264,0.011592320984081323,-1.258831260231335,1.2820159021994977,0.0
3,"Fixed | Savitzky-Golay (21,3)",0,14,119,0.8468623466916475,1.3296290972595228,0.14247319756039714,0.02312736950632786,-2.5935691211457668,2.6398238601584225,0.0
3,"Fixed | Savitzky-Golay (21,3)",0,19,119,1.510774760237708,1.9174161778726926,0.00040751401803855447,0.4598112021194114,-3.2040906495736188,4.123713053812441,0.0
3,"Fixed | Savitzky-Golay (21,3)",0,24,119,6.132554766028415,7.356424204016753,0.05453412437713361,-0.6402184919544612,-15.064838757586678,13.784401773677754,0.0
3,"Fixed | Savitzky-Golay (21,3)",0,33,119,4.972187180440889,6.5177052526580335,0.04190619203447919,-1.1808680301360117,-13.797273872127525,11.435537811855502,0.0
3,"Fixed | Savitzky-Golay (21,3)",0,38,119,1.4577109494447722,2.1894361341022583,0.7963179260966609,-0.5401661876584732,-4.716393318478486,3.63606094316154,0.0
3,"Fixed | Savitzky-Golay (21,3)",0,43,119,3.1000960556810946,3.9357920424177295,0.4712098046016673,0.9193381277775277,-6.613130556173826,8.451806811728881,0.0
3,"Fixed | Savitzky-Golay (21,3)",0,48,119,3.032142779919701,4.5849035294346505,0.2980998926533631,0.5159010263612264,-8.45119599124668,9.48299804396913,0.0
3,"Fixed | Savitzky-Golay (21,3)",0,52,119,0.6168469579177932,0.7195640343215587,0.7533580578152885,-0.1182040935401846,-1.515272632141681,1.2788644450613116,0.0
3,"Fixed | Butterworth (0.5-5 Hz, order 4)",0,1,119,0.9115266904874877,1.8154314576554031,0.3187497791794585,-0.05780204653786324,-3.6292815529280262,3.5136774598523,0.0
3,"Fixed | Butterworth (0.5-5 Hz, order 4)",0,4,119,1.991962971335772,6.150049235648409,0.5158970872138471,-1.3609439248241053,-13.165901352680606,10.444013503032394,0.0
3,"Fixed | Butterworth (0.5-5 Hz, order 4)",0,9,119,0.5132242550647347,0.6514223979518644,0.43707873661540353,0.015527587647601293,-1.2662947114081249,1.2973498867033275,0.0
3,"Fixed | Butterworth (0.5-5 Hz, order 4)",0,14,119,0.7587475483851268,1.0483265111200453,0.19406124100365507,0.005510965055178223,-2.0578685576412084,2.0688904877515646,0.0
3,"Fixed | Butterworth (0.5-5 Hz, order 4)",0,19,119,1.4429871450632874,1.8998646772794285,-0.062418406857061196,0.622965492462477,-2.909767882062546,4.155698866987501,0.0
3,"Fixed | Butterworth (0.5-5 Hz, order 4)",0,24,119,6.162394302859551,7.423329527574696,0.051099809100995784,-0.784988217025018,-15.314312506906314,13.744336072856276,0.0
3,"Fixed | Butterworth (0.5-5 Hz, order 4)",0,33,119,4.799397817248103,6.320250622876762,0.02501537790949218,-0.9739297482888679,-13.265413401276367,11.317553904698633,0.0
3,"Fixed | Butterworth (0.5-5 Hz, order 4)",0,38,119,1.5255399724849519,2.204992287634496,0.80388134601207,-0.6469247750627846,-4.795988739676473,3.502139189550904,0.0
3,"Fixed | Butterworth (0.5-5 Hz, order 4)",0,43,119,3.023052541815401,3.8642216036744834,0.48402171957720797,0.8364530188584972,-6.589120170343709,8.262026208060703,0.0
3,"Fixed | Butterworth (0.5-5 Hz, order 4)",0,48,119,3.357139632972554,5.797725153977093,0.20482817021605285,-0.16046009613359544,-11.567679036155157,11.246758843887966,0.0
3,"Fixed | Butterworth (0.5-5 Hz, order 4)",0,52,119,0.6253516927199321,0.7452327477178069,0.7378920761633099,-0.1475812566836063,-1.5853632789890595,1.2902007656218468,0.0
3,"Fixed | Butterworth (0.7-4 Hz, order 3)",0,1,119,0.985333071272322,2.3921148111544457,0.23612718014119627,-0.1862183164795663,-4.880299841802411,4.507863208843278,0.0
3,"Fixed | Butterworth (0.7-4 Hz, order 3)",0,4,119,1.634753806520176,4.5892511981645345,0.6308251918997271,-1.0302157747462828,-9.832639393316484,7.772207843823917,0.0
3,"Fixed | Butterworth (0.7-4 Hz, order 3)",0,9,119,0.4963139368861276,0.6098693979550254,0.48784045081908206,0.015093330532816496,-1.1849373505888798,1.2151240116545128,0.0
3,"Fixed | Butterworth (0.7-4 Hz, order 3)",0,14,119,0.7046876634495702,1.0069718658909825,0.1563625590476076,0.008910421770016844,-1.9730221813148077,1.9908430248548414,0.0
3,"Fixed | Butterworth (0.7-4 Hz, order 3)",0,19,119,1.4704561617672602,1.9546856072545304,-0.07207987464570809,0.6132711609926882,-3.0398484485177666,4.266390770503143,0.0
3,"Fixed | Butterworth (0.7-4 Hz, order 3)",0,24,119,6.156173896648267,7.414134352843493,0.041626643645947856,-1.015385888983284,-15.471031626281121,13.440259848314554,0.0
3,"Fixed | Butterworth (0.7-4 Hz, order 3)",0,33,119,4.513664801395857,5.89025464409641,0.08884260891348766,-0.9167400932446863,-12.369178170870539,10.535697984381168,0.0
3,"Fixed | Butterworth (0.7-4 Hz, order 3)",0,38,119,1.5253175831582744,2.237335668643846,0.7946934112839684,-0.6142217902546244,-4.8487410014450365,3.620297420935788,0.0
3,"Fixed | Butterworth (0.7-4 Hz, order 3)",0,43,119,3.0928219825867136,3.9791148764677384,0.44895466225824343,0.6735400784157941,-7.045485246882738,8.392565403714325,0.0
3,"Fixed | Butterworth (0.7-4 Hz, order 3)",0,48,119,3.316461694961628,5.918436625301157,0.22012261175826792,-0.2804389320130666,-11.916539184145968,11.355661320119836,0.0
3,"Fixed | Butterworth (0.7-4 Hz, order 3)",0,52,119,0.60631713206649,0.7140122330251667,0.7683933561157934,-0.1769688581873026,-1.5384996692277457,1.1845619528531406,0.0
3,Monte-Carlo,11,1,119,1.6307761932248965,6.5522245911993116,0.5845462386633774,0.13677908697922136,-1.7428090373209237,2.0163672112793662,1.6806722689075682
3,Monte-Carlo,11,4,119,1.7536853190237378,6.603690427395189,0.9293462552851228,-0.28133965139709416,-2.7240820391011944,2.1614027363070063,1.6806722689075682
3,Monte-Carlo,11,9,119,0.4861326940885533,0.6028243506620148,0.496870667036789,0.04454214927933349,-1.1387460963225737,1.2278303948812406,0.0
3,Monte-Carlo,11,14,119,0.815339647492132,1.295559020707416,0.16729829619080924,0.012503305522872809,-2.5374106450475042,2.56241725609325,0.0
3,Monte-Carlo,11,19,119,1.4613094726559819,1.9327245894020395,-0.0004270438325224765,0.5763616363904955,-3.054705686282551,4.207428959063542,0.0
3,Monte-Carlo,11,24,119,5.971160175500903,7.179492800702646,0.06643040768255243,-0.5853365181999488,-14.669599420781587,13.49892638438169,0.0
3,Monte-Carlo,11,33,119,4.742381114944585,6.351632619571779,0.02162538854860084,-0.7052142865613182,-13.129757240284242,11.719328667161605,0.0
3,Monte-Carlo,11,38,119,1.5196096292759516,2.225688507583248,0.7932054466719353,-0.5346882453546794,-4.787190636632334,3.717814145922975,0.0
3,Monte-Carlo,11,43,119,3.069330324842426,3.904291334523285,0.48191270487823307,0.8500385122753192,-6.650383415549954,8.350460440100592,0.0
3,Monte-Carlo,11,48,119,3.4432199131706924,6.424777673573777,0.19273289240256886,-0.009762697213621965,-12.847482280421731,12.827956885994487,0.0
3,Monte-Carlo,11,52,119,0.6294596832737024,0.733252310748057,0.7508350124026526,-0.1621655205281049,-1.5696787159117287,1.2453476748555188,0.0
3,SARSA,11,1,119,1.6023614439264489,6.55086822658954,0.6249858620092101,0.21872979126441713,-1.6115499339989996,2.0490095165278337,1.6806722689075682
3,SARSA,11,4,119,1.9118750136976816,6.3785793487845615,0.5629555749124624,-0.8738953633827736,-9.472025681246526,7.724234954480979,0.8403361344537785
3,SARSA,11,9,119,0.49556368926384664,0.6161962056210557,0.4896642971948344,0.06127136336642466,-1.1455691669265904,1.2681118936594395,0.0
3,SARSA,11,14,119,0.7972855227505427,1.1986903112725238,0.14640746229909024,0.018977050411694923,-2.3400944919253757,2.3780485927487653,0.0
3,SARSA,11,19,119,1.4202476137523352,1.8978678497951007,-0.003231731956875053,0.5061603530688543,-3.0940867605291267,4.106407466666836,0.0
3,SARSA,11,24,119,6.188733092089309,7.404456089685929,0.04324601810776503,-0.5680782354487169,-15.099221233439042,13.96306476254161,0.0
3,SARSA,11,33,119,4.60784898129801,6.028768205364117,0.10758567680238107,-0.8277151346560437,-12.581693948550944,10.926263679238856,0.0
3,SARSA,11,38,119,1.440170043305859,2.117124501486895,0.8112671215257072,-0.5069401958917066,-4.5528259230910555,3.5389455313076423,0.0
3,SARSA,11,43,119,3.0958668713857294,3.96015564572631,0.4678964731395774,0.9433189893639226,-6.627038932039594,8.513676910767439,0.0
3,SARSA,11,48,119,3.033029659752403,4.515424205596663,0.29827577049601606,0.5040489710120488,-8.328056806737202,9.336154748761299,0.0
3,SARSA,11,52,119,0.6074680278681641,0.7109292073360433,0.7636755786794828,-0.13242835773994202,-1.5072501941115404,1.2423934786316562,0.0
3,Q-learning,11,1,119,1.249797102704047,4.7164011324812085,0.5059164279078805,0.16212080663563022,-2.012205092339775,2.3364467056110354,0.8403361344537785
3,Q-learning,11,4,119,1.8965598092425338,6.515947615649643,0.6201231367617938,-0.8704801742192275,-9.863358816725084,8.122398468286628,0.8403361344537785
3,Q-learning,11,9,119,0.49819793236477267,0.6245749286666408,0.4752487364759396,0.05144112140970481,-1.1737252434295513,1.276607486248961,0.0
3,Q-learning,11,14,119,0.8012774106291461,1.1224858150042336,0.17836502695875175,0.042574970246815724,-2.1652100988300664,2.250360039323698,0.0
3,Q-learning,11,19,119,1.5091214341989325,1.971816596844246,0.03218995749427807,0.5443597638430232,-3.1859129135537163,4.2746324412397625,0.0
3,Q-learning,11,24,119,6.0567493766689315,7.309653214945652,0.057454152188382276,-0.5714302712238316,-14.914899317425256,13.772038774977592,0.0
3,Q-learning,11,33,119,4.794799173200975,6.400991266783265,-0.025511291346723256,-0.641296113831886,-13.176897368268275,11.894305140604502,0.0
3,Q-learning,11,38,119,1.4569453527681282,2.1049374022645257,0.808038659710254,-0.5148678968784114,-4.532138722988513,3.5024029292316907,0.0
3,Q-learning,11,43,119,3.09731739371454,3.9389863552074083,0.466046249932617,0.9302665329783932,-6.603472760960918,8.464005826917704,0.0
3,Q-learning,11,48,119,2.927561421176554,4.416362790440401,0.2991750536794614,0.35790353906320027,-8.306176674535036,9.021983752661436,0.0
3,Q-learning,11,52,119,0.6077084699586285,0.712227473695775,0.7623240149388057,-0.13254050423736025,-1.509921349040837,1.2448403405661166,0.0
3,Contextual bandit,11,1,119,1.5820017025294122,6.546622954880202,0.6361222558558454,0.10991964481628884,-1.698217207399323,1.9180564970319007,1.6806722689075682
3,Contextual bandit,11,4,119,2.0872075219595994,6.828178922717886,0.5871347882812852,-1.0246131328189871,-10.823572897548681,8.774346631910708,0.8403361344537785
3,Contextual bandit,11,9,119,0.5181808362306998,0.6463190111321454,0.4072949517808877,0.004962275740652564,-1.2671419002975823,1.2770664517788877,0.0
3,Contextual bandit,11,14,119,0.7806218824019883,1.1330803411354275,0.16225299147348535,0.02242137570541452,-2.2073698864883546,2.2522126378991834,0.0
3,Contextual bandit,11,19,119,1.4287783317044414,1.875735286877164,-0.001341069490373041,0.6032934355742667,-2.892520426280495,4.099107297429029,0.0
3,Contextual bandit,11,24,119,6.13617984925327,7.357822455666153,0.04750899406577313,-0.6734982042573904,-15.095009879702594,13.748013471187814,0.0
3,Contextual bandit,11,33,119,4.752376164592306,6.2624836868867915,0.04111229331169548,-0.6437060232234881,-12.90478596663323,11.617373920186253,0.0
3,Contextual bandit,11,38,119,1.3941014298366095,1.9882633025267062,0.8234014037459584,-0.3602703405919878,-4.20896274601777,3.4884220648337942,0.0
3,Contextual bandit,11,43,119,3.099680439015495,3.9019941013111286,0.47653602217162777,0.890855257178817,-6.586548444544398,8.368258958902032,0.0
3,Contextual bandit,11,48,119,3.345654879480625,6.009215578026192,0.21995945418597368,-0.0037618871021442434,-11.83162385739834,11.824100083194052,0.0
3,Contextual bandit,11,52,119,0.6179500238903333,0.7256658742281856,0.754747830343931,-0.15498292551320517,-1.5503464639277322,1.240380612901322,0.0
3,Monte-Carlo,22,1,119,1.2305325077647171,4.709470795940593,0.5240389349732095,0.16154148103828134,-1.9534477338520908,2.2765306959286535,0.8403361344537785
3,Monte-Carlo,22,4,119,1.8409699225538256,6.257548310978747,0.6575972125348697,-0.7757294805010323,-9.057011056467434,7.50555209546537,0.8403361344537785
3,Monte-Carlo,22,9,119,0.4844402303430581,0.6121987125865209,0.497362476973034,0.03178851273690451,-1.171569052333493,1.2351460778073018,0.0
3,Monte-Carlo,22,14,119,0.8057621984476887,1.116393436797316,0.21212949712065238,0.08332595827774325,-2.1079280993791745,2.274580015934661,0.0
3,Monte-Carlo,22,19,119,1.5429811484829337,1.9528677550929494,0.05498074633655116,0.5799013152712792,-3.090523278672438,4.250325909214997,0.0
3,Monte-Carlo,22,24,119,6.012764349215827,7.355446011261302,0.01994259440318108,-0.4575220100834663,-14.907120326998893,13.992076306831962,0.0
3,Monte-Carlo,22,33,119,4.7857484388360065,6.237714582379626,0.019095217424203104,-0.612754101110132,-12.830987834114747,11.605479631894482,0.0
3,Monte-Carlo,22,38,119,1.4725109001866403,2.1186900368972106,0.8113765227847793,-0.4860755032605943,-4.545034801702107,3.572883795180918,0.0
3,Monte-Carlo,22,43,119,3.1119570256786613,3.9520425777013437,0.46933255804703206,0.8591948960321327,-6.733504590698587,8.451894382762852,0.0
3,Monte-Carlo,22,48,119,3.0535386218009046,4.536723566860795,0.2842976044654297,0.47416412382700374,-8.406506181516844,9.354834429170852,0.0
3,Monte-Carlo,22,52,119,0.62743955209899,0.734191329438731,0.7453530765392202,-0.10224253052426957,-1.5332611924745687,1.3287761314260296,0.0
3,SARSA,22,1,119,1.20739123143278,4.704505904659971,0.536806369810789,0.05849626923826528,-2.0339674463704385,2.150959984846969,0.8403361344537785
3,SARSA,22,4,119,1.9385680546868302,7.058928005553518,0.8053648846172852,-0.4765856002415649,-5.945158279374767,4.991987078891637,1.6806722689075682
3,SARSA,22,9,119,0.49420947072316684,0.6197066727562497,0.49319589209776915,0.08112903125478475,-1.1281341162771692,1.2903921787867387,0.0
3,SARSA,22,14,119,0.8328746946471713,1.189040065526573,0.1408296924827797,0.0689921067430721,-2.267437665710264,2.4054218791964086,0.0
3,SARSA,22,19,119,1.476294212715048,1.9204132333823,0.06089611516062247,0.566187599711009,-3.045723902850258,4.1780991022722755,0.0
3,SARSA,22,24,119,6.139739057083842,7.343902408985383,0.08252112453909884,-0.6969165813194016,-15.086594311655809,13.692761149017006,0.0
3,SARSA,22,33,119,4.9319675820494275,6.2744106285429115,0.033501591344910236,-0.729803268834728,-12.995822664472907,11.536216126803453,0.0
3,SARSA,22,38,119,1.3890039197665982,2.0732896357220154,0.8137167934621365,-0.3990419318481278,-4.403573867494212,3.6054900037979563,0.0
3,SARSA,22,43,119,3.0686173584840186,3.9320829626448592,0.46852216717829204,0.8435186892900002,-6.715769750226173,8.402807128806174,0.0
3,SARSA,22,48,119,3.0921652123736734,4.6228799451749065,0.27601258249936544,0.3330070890728666,-8.742511651977436,9.40852583012317,0.0
3,SARSA,22,52,119,0.6164027182569104,0.7263835666765304,0.7615541524785525,-0.16876374446559028,-1.5593723286379686,1.221844839706788,0.0
3,Q-learning,22,1,119,1.2176087300282823,4.705452486693763,0.5278623342153845,0.14225401938257254,-1.942946533553816,2.227454572318961,0.8403361344537785
3,Q-learning,22,4,119,1.8104880799979877,6.249050806848308,0.6517706419266456,-0.7712201744296048,-9.029029014798025,7.486588665938816,0.8403361344537785
3,Q-learning,22,9,119,0.4937374867929186,0.6126953513110223,0.4895037381534639,0.09715035793549462,-1.0935536513981277,1.287854367269117,0.0
3,Q-learning,22,14,119,0.7570760985606477,1.0513374759050251,0.24828680812702386,0.0468663834294396,-2.0204109962571977,2.1141437631160764,0.0
3,Q-learning,22,19,119,1.4641514782473675,1.92299981298974,0.006110494973437401,0.537736573611328,-3.0962828875860113,4.171756034808667,0.0
3,Q-learning,22,24,119,5.968153243147529,7.093696779883923,0.07664640251894356,-0.48561916139344813,-14.41529858148634,13.444060258699444,0.0
3,Q-learning,22,33,119,4.681724664545916,6.107709934704279,0.011322945274113184,-0.5696790583041254,-12.539001682743105,11.399643566134856,0.0
3,Q-learning,22,38,119,1.4175510174300014,2.149508674628071,0.8064513073090156,-0.436636661368451,-4.579279281664314,3.706005958927412,0.0
3,Q-learning,22,43,119,3.10939771021607,3.908340285764066,0.46907531774600203,0.8439141695271194,-6.667348838098852,8.355177177153092,0.0
3,Q-learning,22,48,119,3.320198908784475,5.958875321183822,0.22209484511627411,-0.1393596799142517,-11.86493191389204,11.586212554063536,0.0
3,Q-learning,22,52,119,0.6108655346960865,0.7193745411151614,0.759401413620017,-0.13960312551662518,-1.5286211595937156,1.249414908560465,0.0
3,Contextual bandit,22,1,119,1.5849037582839922,6.54824255959849,0.6267547325853052,0.1989757873546527,-1.6027874711905536,2.0007390458998593,1.6806722689075682
3,Contextual bandit,22,4,119,1.8459988032076275,6.23557082444723,0.581193644831622,-0.7502786454960156,-8.97568393421154,7.475126643219509,0.8403361344537785
3,Contextual bandit,22,9,119,0.5004774980202579,0.6239859017565824,0.4721140909194713,0.10048079489071761,-1.1116743878361324,1.3126359776175676,0.0
3,Contextual bandit,22,14,119,0.8024251908694471,1.1854186536536915,0.10616177231361132,0.07342652551472025,-2.2553379387265773,2.4021909897560176,0.0
3,Contextual bandit,22,19,119,1.4368095320872742,1.9110976823919954,-0.06162315431372508,0.6085803816214461,-2.957185508417699,4.174346271660592,0.0
3,Contextual bandit,22,24,119,6.106441586763468,7.358177006414153,0.059382917714773255,-0.741237478153108,-15.150572648228218,13.668097691922002,0.0
3,Contextual bandit,22,33,119,4.879275235359193,6.3339071790001045,-0.011689684140403302,-0.6203011122708338,-13.027322835314875,11.786720610773207,0.0
3,Contextual bandit,22,38,119,1.3555348391532758,1.9484044749172915,0.8370848483245082,-0.4213932593841213,-4.165647253945613,3.3228607351773705,0.0
3,Contextual bandit,22,43,119,3.0755837926417535,3.918910882614143,0.46092729349274664,0.885167150584363,-6.62903753457677,8.399371835745496,0.0
3,Contextual bandit,22,48,119,3.0688348237351777,4.5930084258142685,0.29543391912922945,0.4312090130518822,-8.569222550046174,9.431640576149938,0.0
3,Contextual bandit,22,52,119,0.5850501679792827,0.6844780880806196,0.7874872079820749,-0.16250733607617032,-1.4712359592247866,1.1462212870724457,0.0
3,Monte-Carlo,33,1,119,1.5805911067241991,6.546351097910455,0.6116113716310638,0.15013574775287908,-1.6428528160682716,1.9431243115740298,1.6806722689075682
3,Monte-Carlo,33,4,119,2.012739910390916,6.695930640357015,0.5991932005669357,-0.9551671893307557,-10.418992671984293,8.508658293322783,0.8403361344537785
3,Monte-Carlo,33,9,119,0.4852274919327351,0.6013988608890393,0.5060605754703227,0.011895755413071819,-1.1715985516799252,1.195390062506069,0.0
3,Monte-Carlo,33,14,119,0.8096501102220162,1.3129548770735944,0.15322020008025405,-0.027631988266000867,-2.6113323684927012,2.5560683919606992,0.0
3,Monte-Carlo,33,19,119,1.3352368669841874,1.8202490991131484,0.033417984006301894,0.6910452382624385,-2.6234968208843723,4.0055872974092495,0.0
3,Monte-Carlo,33,24,119,6.20863098935864,7.467172659623156,0.05053484564829873,-0.7124671955486541,-15.342956394607222,13.918022003509913,0.0
3,Monte-Carlo,33,33,119,4.790252205904852,6.300375111467826,0.03489001437018146,-0.8137504157443128,-13.110828687277714,11.483327855789089,0.0
3,Monte-Carlo,33,38,119,1.501698401711988,2.2222684390025123,0.7958439995097611,-0.5598953120194063,-4.792855142649856,3.6730645186110435,0.0
3,Monte-Carlo,33,43,119,3.1695088000683116,4.026200971266699,0.45819340748908033,0.896137137299562,-6.829794596700007,8.622068871299131,0.0
3,Monte-Carlo,33,48,119,3.064300963533135,4.550932255383837,0.2894829701126419,0.380286060580305,-8.545928834308496,9.306500955469106,0.0
3,Monte-Carlo,33,52,119,0.6252310594054284,0.7401690695974917,0.7374969651124241,-0.11034332498678026,-1.5509289482386777,1.3302422982651172,0.0
3,SARSA,33,1,119,1.2120606611626523,4.705141517332981,0.5361666438503792,0.133319799212021,-1.9514262504914448,2.218065848915487,0.8403361344537785
3,SARSA,33,4,119,1.7940976885844198,6.0890790428589225,0.6807284199996938,-0.7486172911682951,-8.534021829979428,7.036787247642838,0.8403361344537785
3,SARSA,33,9,119,0.5078118384940401,0.6328045357684379,0.44184069895316913,0.044508149047315954,-1.1979484969650276,1.2869647950596597,0.0
3,SARSA,33,14,119,0.8590962026049289,1.2311431578146281,0.04179867327061684,0.03323431363587363,-2.389126367528495,2.455594994800242,0.0
3,SARSA,33,19,119,1.3836637619351553,1.8275831606973412,0.03153261684601194,0.6467183287749024,-2.7177384309319015,4.011175088481706,0.0
3,SARSA,33,24,119,6.075432144379678,7.222328765757887,0.05461174816938814,-0.6681947249068452,-14.822844117800631,13.48645466798694,0.0
3,SARSA,33,33,119,4.9939491743514735,6.39431745538334,0.03416057339607931,-1.107368142895555,-13.503053703858175,11.288317418067066,0.0
3,SARSA,33,38,119,1.4838465054248695,2.220481108570346,0.7917729906078342,-0.48162361389075026,-4.748122459003311,3.7848752312218106,0.0
3,SARSA,33,43,119,3.1058191406923448,3.954267567990909,0.47316626005604084,0.9015006809572864,-6.676669346018141,8.479670707932714,0.0
3,SARSA,33,48,119,3.3576660377683414,5.961930757400496,0.21988677907799242,-0.08879635103436495,-11.822288889422747,11.644696187354018,0.0
3,SARSA,33,52,119,0.6326297824334267,0.7329060993394625,0.7488391091352518,-0.11694154892426566,-1.5410299401447851,1.307146842296254,0.0
3,Q-learning,33,1,119,1.2319770037090003,4.715093336047677,0.4987129529487073,0.14281069839538338,-2.025670956772366,2.3112923535631325,0.8403361344537785
3,Q-learning,33,4,119,1.668577239650991,5.393244636698663,0.4932641370508164,-1.0118993855114797,-11.438836076719795,9.415037305696835,0.0
3,Q-learning,33,9,119,0.5106922145133617,0.6359059143139268,0.45456407800220466,0.1267330952485365,-1.0998039289283632,1.353270119425436,0.0
3,Q-learning,33,14,119,0.8006975833115452,1.150898135318805,0.12017530892641606,0.09792194788801446,-2.1591622515461872,2.3550061473222166,0.0
3,Q-learning,33,19,119,1.4663746650676002,1.9267666853818735,-0.0037408026640660536,0.6502679651458414,-2.919655202750434,4.220191133042117,0.0
3,Q-learning,33,24,119,5.982522921009727,7.182393660705753,0.06059101320944629,-0.6141969837988849,-14.699428473916916,13.471034506319144,0.0
3,Q-learning,33,33,119,4.920967094526977,6.496675640676335,0.05519810950527418,-0.7898840431183461,-13.482344476350338,11.902576390113644,0.0
3,Q-learning,33,38,119,1.4088465806741008,2.0894811624093346,0.8109072129650945,-0.4183397385087043,-4.447767826663786,3.6110883496463773,0.0
3,Q-learning,33,43,119,3.1902489745220626,4.024161480753074,0.44687881544830715,0.9245195108843245,-6.7843207068805444,8.633359728649193,0.0
3,Q-learning,33,48,119,3.0682349217945806,4.592015744278882,0.2930212778075865,0.4532757858569148,-8.540990711053986,9.447542282767817,0.0
3,Q-learning,33,52,119,0.5964477553909835,0.695024837830941,0.7809446450999589,-0.1697915607903769,-1.4963507223990076,1.156767600818254,0.0
3,Contextual bandit,33,1,119,1.2339445411099557,4.7141631674361575,0.5332644829871817,0.22834633121460654,-1.9035637458510464,2.3602564082802595,0.8403361344537785
3,Contextual bandit,33,4,119,1.8890767283865926,6.392641636440779,0.638549065620791,-0.8043225845519196,-9.469305774346786,7.8606606052429475,0.8403361344537785
3,Contextual bandit,33,9,119,0.5019551507187429,0.6295970466650174,0.4766193983111804,0.041813370467407164,-1.194678730645118,1.2783054715799322,0.0
3,Contextual bandit,33,14,119,0.815240855699044,1.148931079682991,0.16243138947682226,0.10359542830842253,-2.14861980981144,2.355810666428285,0.0
3,Contextual bandit,33,19,119,1.4293883127144542,1.874794014648244,0.012524766919800798,0.5413462038144669,-2.9916049017467587,4.074297309375693,0.0
3,Contextual bandit,33,24,119,6.081175743982383,7.284038366859637,0.05824343471490067,-0.6445498396462249,-14.925391103694325,13.636291424401877,0.0
3,Contextual bandit,33,33,119,4.8871900302401015,6.380017410051706,0.005039343522642022,-0.9077232325902047,-13.337682933861398,11.52223646868099,0.0
3,Contextual bandit,33,38,119,1.4666869949512071,2.1720044723802627,0.7959510029626687,-0.5295574347982897,-4.675675810696152,3.616560941099573,0.0
3,Contextual bandit,33,43,119,3.0553130105878386,3.8898355661591135,0.47972286765290095,0.9345016544774882,-6.497583134780517,8.366586443735493,0.0
3,Contextual bandit,33,48,119,3.034176535086421,4.584467401053839,0.297097768083299,0.5494785146373111,-8.409022855541556,9.507979884816178,0.0
3,Contextual bandit,33,52,119,0.6059756383537714,0.7062525354462865,0.7629072015653717,-0.11102418808517964,-1.4838483571746568,1.2617999810042975,0.0
3,Supervised action classifier,11,1,119,1.2780415486924153,4.71901093615319,0.5051342152390733,0.19048263845937716,-1.9970186142171111,2.3779838911358655,0.8403361344537785
3,Supervised action classifier,11,4,119,1.767542940254412,5.914136219087129,0.634188102018687,-0.6695009144305893,-7.938781536194894,6.599779707333716,0.8403361344537785
3,Supervised action classifier,11,9,119,0.46865729042107823,0.5869088077903222,0.5330654800805451,0.03165039725433322,-1.121873930724912,1.1851747252335783,0.0
3,Supervised action classifier,11,14,119,0.7583851274319735,1.0267810199279672,0.20375734573220458,0.10598078286062494,-1.9042251833176103,2.11618674903886,0.0
3,Supervised action classifier,11,19,119,1.4663316481814324,1.8593580268122816,0.08211733860853282,0.4457451919215366,-3.107285645445957,3.99877602928903,0.0
3,Supervised action classifier,11,24,119,5.944308461740315,7.147240629501585,0.0776307115379421,-0.5504650294620472,-14.576504422929565,13.47557436400547,0.0
3,Supervised action classifier,11,33,119,4.873500436811579,6.356378924466288,0.03552554312322274,-0.9559278406149614,-13.324819002513486,11.412963321283563,0.0
3,Supervised action classifier,11,38,119,1.5290517832100186,2.233054083062921,0.7879262252445542,-0.527599103507118,-4.798451906580782,3.743253699566546,0.0
3,Supervised action classifier,11,43,119,3.1477531592616557,3.9856926094657537,0.4602323350137618,0.9122799141356085,-6.724445248380497,8.549005076651714,0.0
3,Supervised action classifier,11,48,119,3.3323445546369928,6.392667776982077,0.204066408570688,-0.08348208727744201,-12.857907287753543,12.690943113198658,0.0
3,Supervised action classifier,11,52,119,0.6124040157689026,0.7168429112055582,0.7587273544096312,-0.11727806685435704,-1.5092201020355693,1.274663968326855,0.0
4,Fixed | Raw,0,3,119,0.6408401437269313,0.761499700964018,0.5388832703361068,0.3000786998911273,-1.077489991361646,1.6776473911439007,0.0
4,Fixed | Raw,0,8,119,0.5001143011540985,0.7139320111614638,0.4543143298469152,-0.1905049035246889,-1.5447765734478647,1.163766766398487,0.0
4,Fixed | Raw,0,13,119,0.7889019969633962,0.896740212759666,0.03339623287833986,0.7300649963908256,-0.29485942020503597,1.7549894129866872,0.0
4,Fixed | Raw,0,18,119,0.6785212876957118,0.8224020227554497,0.07466858699905203,0.3826450349976061,-1.0501924222260086,1.8154824922212207,0.0
4,Fixed | Raw,0,23,119,0.8564815247462814,1.1655820929059812,0.4697538050982597,0.14301308848831648,-2.133853158534122,2.419879335510755,0.0
4,Fixed | Raw,0,28,119,5.398609622312716,8.188022564178603,0.0686170609249883,-1.186834173476349,-17.133017411126104,14.759349064173408,0.0
4,Fixed | Raw,0,32,119,0.8468607747063851,1.0147793017172084,0.23165853124139626,0.6462073303942636,-0.8938353953736241,2.186250056162151,0.0
4,Fixed | Raw,0,37,119,1.0774078453287967,1.321507895224827,0.20126541956053276,0.6951477232902582,-1.5170120264167068,2.9073074729972235,0.0
4,Fixed | Raw,0,42,119,0.6773658985035308,0.8660189924800489,0.2122222608956988,0.28920627398794974,-1.3175104042005272,1.8959229521764267,0.0
4,Fixed | Raw,0,47,119,1.4623506563148763,3.099528630422587,0.1372139627416527,0.17287961423276232,-5.918386993376122,6.264146221841647,0.0
4,Fixed | Moving average (5),0,3,119,0.6727496554512095,0.7981658247972567,0.4890450856355053,0.3130242832056792,-1.1321391483448098,1.7581877147561684,0.0
4,Fixed | Moving average (5),0,8,119,0.5249187256035293,0.7317976482432735,0.4262900980278665,-0.18486801237503284,-1.5785373910832252,1.2088013663331596,0.0
4,Fixed | Moving average (5),0,13,119,0.8592086469845764,0.9571989487720687,0.022323672139540257,0.7854897111499498,-0.29121169682161396,1.8621911191215137,0.0
4,Fixed | Moving average (5),0,18,119,0.6894682284289144,0.8467334890916889,0.10116844962528534,0.47781883308171014,-0.8980786052006202,1.8537162713640405,0.0
4,Fixed | Moving average (5),0,23,119,0.8131592665393976,1.1376079054950965,0.4927474749030346,0.2124202291182063,-1.987337628470755,2.4121780867071676,0.0
4,Fixed | Moving average (5),0,28,119,5.41759982755265,8.171684482596715,0.04656170758929615,-0.9163890352691348,-16.899157768008163,15.066379697469895,0.0
4,Fixed | Moving average (5),0,32,119,0.9946157905505548,1.1729333284755106,0.1830592942764141,0.8417072735390263,-0.7661577409657989,2.4495722880438517,0.0
4,Fixed | Moving average (5),0,37,119,1.0613918219506553,1.3018668672780949,0.18036948618963708,0.6985345486767486,-1.4638126097252333,2.8608817070787302,0.0
4,Fixed | Moving average (5),0,42,119,0.6989223689572149,0.8688851160871106,0.2395477218339594,0.2818691704380308,-1.3358562068166626,1.899594547692724,0.0
4,Fixed | Moving average (5),0,47,119,1.48092648355201,3.0865793827222134,0.1384826781148403,0.20454386062530297,-5.857377330020738,6.266465051271344,0.0
4,Fixed | Moving average (11),0,3,119,0.6476241607880381,0.7503725842586789,0.5496205959814301,0.3062309264624054,-1.0421274196992982,1.6545892726241092,0.0
4,Fixed | Moving average (11),0,8,119,0.5218929677133998,0.7468312773826256,0.38487205220207565,-0.1962971316097002,-1.6145905646766674,1.221996301457267,0.0
4,Fixed | Moving average (11),0,13,119,0.8461317651580413,0.9523825659175938,-0.08911126549608382,0.7922636154265097,-0.24804836017827903,1.8325755910312984,0.0
4,Fixed | Moving average (11),0,18,119,0.693163641141583,0.8490765671626349,0.04648933298344418,0.4325030041609429,-1.0056569409925697,1.8706629493144553,0.0
4,Fixed | Moving average (11),0,23,119,0.8179884332099527,1.146014089063738,0.46613373236019456,0.18698396755245805,-2.038474175833734,2.41244211093865,0.0
4,Fixed | Moving average (11),0,28,119,5.4771468957595015,8.234837712626597,0.04548932906684064,-0.9411615465433067,-17.043482241725986,15.161159148639374,0.0
4,Fixed | Moving average (11),0,32,119,0.8651785798385532,1.0511551474657796,0.13437602126665824,0.6823393614255913,-0.8914787334197694,2.2561574562709517,0.0
4,Fixed | Moving average (11),0,37,119,1.0132684016539335,1.254294968597601,0.21260336808483,0.7019584101798226,-1.3440291822230972,2.7479460025827427,0.0
4,Fixed | Moving average (11),0,42,119,0.6574097988102737,0.8375663437827989,0.29945035933431163,0.3439963822929949,-1.159115471979232,1.847108236565222,0.0
4,Fixed | Moving average (11),0,47,119,1.595783776134585,3.3826827126124908,0.16755821803542642,0.048231160101208245,-6.609184331547791,6.705646651750207,0.0
4,"Fixed | Savitzky-Golay (21,3)",0,3,119,0.669666362064487,0.7906095902838373,0.4942229432268841,0.2968441418701878,-1.1454514984356763,1.7391397821760521,0.0
4,"Fixed | Savitzky-Golay (21,3)",0,8,119,0.45806089149742274,0.6657773273784676,0.5397754262763382,-0.21840530320631799,-1.4563292075030112,1.0195186010903752,0.0
4,"Fixed | Savitzky-Golay (21,3)",0,13,119,0.776227924599735,0.8778680237540468,-0.06024889057109791,0.6949702701639494,-0.3607157519273966,1.7506562922552953,0.0
4,"Fixed | Savitzky-Golay (21,3)",0,18,119,0.6997104862667064,0.8491259532769129,0.01099548337804706,0.4097643164451249,-1.05407549243878,1.87360412532903,0.0
4,"Fixed | Savitzky-Golay (21,3)",0,23,119,0.827071910210448,1.1347861168298679,0.4758993712592797,0.14341881044120852,-2.0722563469769004,2.3590939678593172,0.0
4,"Fixed | Savitzky-Golay (21,3)",0,28,119,5.683675125326364,8.582785761437021,0.030211852004335855,-0.9534909432215826,-17.742310802790715,15.835328916347551,0.0
4,"Fixed | Savitzky-Golay (21,3)",0,32,119,0.8063073394035999,0.9864152166608113,0.11973105160637108,0.5612444589308324,-1.03539910809037,2.1578880259520345,0.0
4,"Fixed | Savitzky-Golay (21,3)",0,37,119,1.0044038675687346,1.2668158907646025,0.19695756337471626,0.6396013459003452,-1.5127124371806198,2.79191512898131,0.0
4,"Fixed | Savitzky-Golay (21,3)",0,42,119,0.6484658616780228,0.8243161658304927,0.2745009365608356,0.28112029440869507,-1.244103847800363,1.806344436617753,0.0
4,"Fixed | Savitzky-Golay (21,3)",0,47,119,1.4871417670045153,3.0700810596412023,0.13227039502576507,0.1549843514409026,-5.880113216851773,6.190081919733578,0.0
4,"Fixed | Butterworth (0.5-5 Hz, order 4)",0,3,119,0.6393882601200664,0.7650421344957599,0.5181106271448519,0.254854939129527,-1.1649592057028264,1.6746690839618803,0.0
4,"Fixed | Butterworth (0.5-5 Hz, order 4)",0,8,119,0.500036612762915,0.7038049062809308,0.45069487542231884,-0.1908784426980951,-1.5242487478544482,1.1424918624582578,0.0
4,"Fixed | Butterworth (0.5-5 Hz, order 4)",0,13,119,0.7547004518865308,0.8576074241025012,-0.1015264728191888,0.6747417541519134,-0.36717616932887176,1.7166596776326986,0.0
4,"Fixed | Butterworth (0.5-5 Hz, order 4)",0,18,119,0.7196141086418207,0.8630710491201437,0.04161268058025727,0.42373785594371494,-1.0561969549291494,1.9036726668165795,0.0
4,"Fixed | Butterworth (0.5-5 Hz, order 4)",0,23,119,0.7912552388801186,1.122654598145389,0.49801294714297734,0.10713782454900099,-2.092483925653021,2.306759574751023,0.0
4,"Fixed | Butterworth (0.5-5 Hz, order 4)",0,28,119,5.741118238063048,8.584137147719163,0.017743421205046624,-1.203423811604138,-17.93261549328959,15.525767870081312,0.0
4,"Fixed | Butterworth (0.5-5 Hz, order 4)",0,32,119,1.0371491307186087,2.3889967098914893,0.09312237687118659,0.40148608105778244,-4.23386840960797,5.036840571723534,0.0
4,"Fixed | Butterworth (0.5-5 Hz, order 4)",0,37,119,0.9939156969164641,1.1897530951982846,0.19661747708571325,0.5745839706810971,-1.4759954399818407,2.625163381344035,0.0
4,"Fixed | Butterworth (0.5-5 Hz, order 4)",0,42,119,0.6527151697452637,0.820783400753991,0.28445829070254014,0.28503969815773,-1.2299508192698214,1.8000302155852816,0.0
4,"Fixed | Butterworth (0.5-5 Hz, order 4)",0,47,119,1.4019888607559696,2.460131185371865,0.14612531021344677,0.2546634717372055,-4.561568468399067,5.070895411873479,0.0
4,"Fixed | Butterworth (0.7-4 Hz, order 3)",0,3,119,0.6253339281984028,0.7493052435604126,0.5350556890766862,0.25146632476564146,-1.1378477969081209,1.6407804464394038,0.0
4,"Fixed | Butterworth (0.7-4 Hz, order 3)",0,8,119,0.5520076687513815,0.7687627756434634,0.39569260938310635,-0.25707575384529996,-1.6831109767937142,1.1689594691031144,0.0
4,"Fixed | Butterworth (0.7-4 Hz, order 3)",0,13,119,0.7592223613990173,0.8586803408473546,-0.07073600294728402,0.6871168955455974,-0.32650781916969496,1.7007416102608897,0.0
4,"Fixed | Butterworth (0.7-4 Hz, order 3)",0,18,119,0.7061356633714969,0.8549483151839428,0.06675576748428501,0.41924504085360703,-1.0473210132164208,1.8858110949236349,0.0
4,"Fixed | Butterworth (0.7-4 Hz, order 3)",0,23,119,0.8486623268350084,1.2438930331752949,0.4421149233874347,0.11589856872608095,-2.3217899391177936,2.5535870765699555,0.0
4,"Fixed | Butterworth (0.7-4 Hz, order 3)",0,28,119,5.577008712477373,8.28117781868798,0.04038418481202616,-1.2654406269703438,-17.373750929862716,14.84286967592203,0.0
4,"Fixed | Butterworth (0.7-4 Hz, order 3)",0,32,119,0.9346601757839834,2.0107576684554727,0.1515681560622769,0.43860170508003576,-3.423846041996394,4.301049452156466,0.0
4,"Fixed | Butterworth (0.7-4 Hz, order 3)",0,37,119,0.9325119493066564,1.13105609042607,0.23786728406295352,0.5377237940452197,-1.4208370635160377,2.4962846516064774,0.0
4,"Fixed | Butterworth (0.7-4 Hz, order 3)",0,42,119,0.6361408703611273,0.8038547249736249,0.29658191369412445,0.2342158814194681,-1.2793516171968056,1.7477833800357419,0.0
4,"Fixed | Butterworth (0.7-4 Hz, order 3)",0,47,119,1.3715949134438163,2.3643356845116807,0.16086402729288737,0.2085950499138822,-4.426950466830217,4.84414056665798,0.0
4,Monte-Carlo,11,3,119,0.6419517012349844,0.7661093223937389,0.5243899822072975,0.2870698248293483,-1.1109886476841493,1.6851282973428456,0.0
4,Monte-Carlo,11,8,119,0.49970716723046943,0.707441604175746,0.4749312304150731,-0.20712709788866657,-1.5385568685471773,1.1243026727698442,0.0
4,Monte-Carlo,11,13,119,0.800680262443716,0.9010439265435221,-0.07242867008852295,0.7199850127555771,-0.3463505362795867,1.786320561790741,0.0
4,Monte-Carlo,11,18,119,0.674028472605604,0.8199566091356948,0.08041963810140418,0.387137850087714,-1.0355584903108352,1.8098341904862634,0.0
4,Monte-Carlo,11,23,119,0.8194168696563859,1.1558451061795665,0.4662797004359962,0.1855573356658507,-2.0599701407119837,2.4310848120436854,0.0
4,Monte-Carlo,11,28,119,5.429033755748383,8.227402614544513,0.042129100332476146,-1.0444913339136888,-17.10735699834087,15.01837433051349,0.0
4,Monte-Carlo,11,32,119,0.9468761462543505,1.142020875685723,0.10391073333071474,0.7532810049258054,-0.9362154628696215,2.4427774727212324,0.0
4,Monte-Carlo,11,37,119,1.0009794763876412,1.2268919454817169,0.24688401930104342,0.6392840799222745,-1.4218614250535704,2.7004295848981195,0.0
4,Monte-Carlo,11,42,119,0.6405886689297686,0.8213533816473373,0.29015170785976974,0.25794764738811193,-1.276918386491668,1.7928136812678919,0.0
4,Monte-Carlo,11,47,119,1.4794204991497042,3.076454466724001,0.13754397738546584,0.18040661973474784,-5.864519987623036,6.2253332270925315,0.0
4,SARSA,11,3,119,0.6491287054664441,0.7715188243525469,0.5133433617820514,0.28377429833997686,-1.1283447271652942,1.695893323845248,0.0
4,SARSA,11,8,119,0.5018789669928604,0.7122226146650312,0.4769331981676551,-0.2349602092492606,-1.558338689755266,1.0884182712567447,0.0
4,SARSA,11,13,119,0.7950355319385322,0.9000936578816919,-0.06960706697174161,0.71507273382133,-0.360915707131508,1.791061174774168,0.0
4,SARSA,11,18,119,0.7196141086418207,0.8630710491201437,0.04161268058025727,0.42373785594371494,-1.0561969549291494,1.9036726668165795,0.0
4,SARSA,11,23,119,0.8136565565957808,1.1561281027778516,0.4673532693251268,0.17263273337038498,-2.0774480870011955,2.4227135537419655,0.0
4,SARSA,11,28,119,5.419161264359147,8.114462308468337,0.060391372568389445,-1.1977812360037454,-16.994416354848582,14.59885388284109,0.0
4,SARSA,11,32,119,1.0038853082727976,2.3825602479459067,0.12486166650399858,0.3839747271573217,-4.244287949035172,5.0122374033498165,0.0
4,SARSA,11,37,119,1.0334360790406896,1.2773565207403608,0.15691575319456963,0.6525899882418607,-1.5087349425624113,2.8139149190461326,0.0
4,SARSA,11,42,119,0.6850363213658801,0.8729393342465855,0.22722423524461674,0.31291379490265786,-1.2910993272226263,1.9169269170279422,0.0
4,SARSA,11,47,119,1.3773163509511648,2.371599153123545,0.1531360673067661,0.2394611827742193,-4.404671877894091,4.88359424344253,0.0
4,Q-learning,11,3,119,0.6388679107354187,0.7561449864898043,0.5318508624447525,0.2836215520545557,-1.0960259623009485,1.66326906641006,0.0
4,Q-learning,11,8,119,0.506339866026577,0.7040951786497588,0.4316938450644046,-0.18560620483815493,-1.52244932048488,1.1512369108085703,0.0
4,Q-learning,11,13,119,0.7764154192787401,0.8713015322550333,-0.0585744788501905,0.6923624895336655,-0.348786363541282,1.733511342608613,0.0
4,Q-learning,11,18,119,0.6894682284289144,0.8467334890916889,0.10116844962528534,0.47781883308171014,-0.8980786052006202,1.8537162713640405,0.0
4,Q-learning,11,23,119,0.8443427561374451,1.164530363317922,0.4745469345965786,0.18904822692855094,-2.0726775462196194,2.4507740000767217,0.0
4,Q-learning,11,28,119,5.716100185272917,8.573413702031193,0.028476711531234336,-0.9770483019260114,-17.742052342851924,15.787955738999901,0.0
4,Q-learning,11,32,119,0.8890528302481613,1.0838320913844393,0.16299180337797034,0.7052340422872235,-0.9146761264756998,2.325144211050147,0.0
4,Q-learning,11,37,119,1.0032799765356746,1.213789554679158,0.256071231201059,0.6256133290237289,-1.4216830248551202,2.672909682902578,0.0
4,Q-learning,11,42,119,0.6768991608430875,0.8488718786517476,0.22531629215403237,0.28112745288595337,-1.2954092327988622,1.8576641385707688,0.0
4,Q-learning,11,47,119,1.4102015296568444,2.4582572581786124,0.1488087185200597,0.2702638100644034,-4.538962482258483,5.079490102387289,0.0
4,Contextual bandit,11,3,119,0.6208819346160326,0.7486851251638276,0.5429703190108672,0.25811319722249604,-1.1251701110693286,1.641396505514321,0.0
4,Contextual bandit,11,8,119,0.5247311890946675,0.7366320219704003,0.4141424697220756,-0.2017158205213053,-1.5961992381289245,1.192767597086314,0.0
4,Contextual bandit,11,13,119,0.7804028479068754,0.8819260545812883,-0.088080169954766,0.704759124645229,-0.33881970603173317,1.7483379553221914,0.0
4,Contextual bandit,11,18,119,0.6997104862667064,0.8491259532769129,0.01099548337804706,0.4097643164451249,-1.05407549243878,1.87360412532903,0.0
4,Contextual bandit,11,23,119,0.8044733656814815,1.1335167107656963,0.48922989903915937,0.15963253007210831,-2.0492190170058913,2.3684840771501077,0.0
4,Contextual bandit,11,28,119,5.643334033543268,8.382794108783413,0.028955910505937155,-1.2492967022216368,-17.564785389717713,15.066191985274438,0.0
4,Contextual bandit,11,32,119,0.816021264305353,0.996545397310335,0.16414419528596158,0.6449891938259182,-0.8502509580914961,2.1402293457433323,0.0
4,Contextual bandit,11,37,119,1.0268766022898057,1.2572598970329563,0.19811993129048075,0.6214542741923726,-1.5297471969395464,2.772655745324292,0.0
4,Contextual bandit,11,42,119,0.6525487345880393,0.8402741354642175,0.27087463467078743,0.26208335425258583,-1.3093116149943722,1.8334783234995438,0.0
4,Contextual bandit,11,47,119,1.587841157778643,3.428027450149482,0.16690230377030502,0.014003180752795377,-6.733284321389349,6.76129068289494,0.0
4,Monte-Carlo,22,3,119,0.6437798735527476,0.7590814692785102,0.5367679623477908,0.2775536983698595,-1.1130781998131318,1.6681855965528507,0.0
4,Monte-Carlo,22,8,119,0.5471762772728457,0.7540687664766578,0.38435545076178973,-0.2184844659369479,-1.6390430810333028,1.2020741491594071,0.0
4,Monte-Carlo,22,13,119,0.8281384890710889,0.9285840189171289,-0.013652021026831329,0.7649853745782231,-0.2710626736181849,1.8010334227746312,0.0
4,Monte-Carlo,22,18,119,0.6832669995581204,0.8395376225726711,0.04369782321231211,0.4232968920177391,-1.0037362435864594,1.8503300276219377,0.0
4,Monte-Carlo,22,23,119,0.8125313184114867,1.141397376683792,0.48147512293219485,0.11821007830129375,-2.1163072644946372,2.352727421097225,0.0
4,Monte-Carlo,22,28,119,5.828135064364861,8.746431177210496,0.010712306849111404,-1.1114841276994856,-18.18740384928043,15.96443559388146,0.0
4,Monte-Carlo,22,32,119,1.0130003355233568,2.374561520258514,0.1371763005507019,0.4381081318386779,-4.155473471951829,5.031689735629186,0.0
4,Monte-Carlo,22,37,119,0.9962868663622919,1.2166033474216336,0.25088838137347014,0.6523565118360402,-1.3689077693100822,2.6736207929821623,0.0
4,Monte-Carlo,22,42,119,0.6937634594050891,0.8715482920646065,0.2583632434131685,0.32498590764122226,-1.2667498630931515,1.916721678375596,0.0
4,Monte-Carlo,22,47,119,1.5671032607036999,3.4204306778380102,0.16448808589696484,-0.014037690444232583,-6.746372156663028,6.718296775774563,0.0
4,SARSA,22,3,119,0.6603319589725812,0.7771459840971913,0.5180680593806646,0.31291048838831304,-1.0872641898363953,1.7130851666130216,0.0
4,SARSA,22,8,119,0.5390687470526714,0.7566992737680808,0.3608358616170495,-0.20757386258790522,-1.6398420741833748,1.2246943490075646,0.0
4,SARSA,22,13,119,0.7992769203501746,0.9142403998616534,-0.04169981350800077,0.7326752188840223,-0.3436425397974888,1.8089929775655333,0.0
4,SARSA,22,18,119,0.7061356633714969,0.8549483151839428,0.06675576748428501,0.41924504085360703,-1.0473210132164208,1.8858110949236349,0.0
4,SARSA,22,23,119,0.8331673097312515,1.1475774709095918,0.48324413197503,0.16892470344442137,-2.065232112337264,2.403081519226107,0.0
4,SARSA,22,28,119,5.295369814699367,7.881729094097901,0.09683153280008572,-1.1374640773217826,-16.48857135033075,14.213643195687185,0.0
4,SARSA,22,32,119,0.8157046450710449,0.9748271951490389,0.21533410289510035,0.6628999444659688,-0.7439117832090215,2.069711672140959,0.0
4,SARSA,22,37,119,1.0150067169465726,1.2452037897370378,0.2045142501354285,0.6479680890890558,-1.444970333991939,2.7409065121700507,0.0
4,SARSA,22,42,119,0.6774568088305312,0.8633793542255395,0.22160407216314548,0.2814742194865275,-1.3250586484934925,1.8880070874665473,0.0
4,SARSA,22,47,119,1.3982808850025914,2.379593951610912,0.1442252540314829,0.24702954153013773,-4.411389358675156,4.905448441735431,0.0
4,Q-learning,22,3,119,0.6494289504034146,0.7515918971688321,0.531638040297483,0.2897382972603559,-1.0752689136548284,1.6547455081755402,0.0
4,Q-learning,22,8,119,0.47258297778052455,0.6840386216845677,0.4792239465830976,-0.16297358015111502,-1.4705869436829924,1.1446397833807624,0.0
4,Q-learning,22,13,119,0.7987868905142167,0.8992607515492659,-0.06264132481857404,0.7175280966311071,-0.3493914862097147,1.7844476794719288,0.0
4,Q-learning,22,18,119,0.693163641141583,0.8490765671626349,0.04648933298344418,0.4325030041609429,-1.0056569409925697,1.8706629493144553,0.0
4,Q-learning,22,23,119,0.8411211515028689,1.1834957671594661,0.4635968640008015,0.21125425896517208,-2.0807943133113223,2.5033028312416667,0.0
4,Q-learning,22,28,119,5.5541364340690755,8.464863470184431,0.03726726196156854,-0.9064674105539277,-17.471946745753158,15.659011924645304,0.0
4,Q-learning,22,32,119,0.8609607064428849,1.0452885468875828,0.21413060305737674,0.693800503856646,-0.8450794297439855,2.2326804374572777,0.0
4,Q-learning,22,37,119,0.9870507585203268,1.2234524316190298,0.24728790033076423,0.6435963340110524,-1.40438735473456,2.691580022756665,0.0
4,Q-learning,22,42,119,0.6466225458972714,0.8189019616106725,0.28073336279619016,0.28881924302910605,-1.2194386473537193,1.7970771334119315,0.0
4,Q-learning,22,47,119,1.465344295649891,3.0564853737151902,0.1397977239870379,0.16244956357592932,-5.845089425095625,6.169988552247484,0.0
4,Contextual bandit,22,3,119,0.6415200386000366,0.7597947053862014,0.5311588171079658,0.2646234613902037,-1.1372373398078912,1.6664842625882985,0.0
4,Contextual bandit,22,8,119,0.49940980226178855,0.7059731108562938,0.47319125476509494,-0.21841124041111543,-1.5397972612526742,1.1029747804304435,0.0
4,Contextual bandit,22,13,119,0.7634546339100374,0.8596041818442272,-0.11939815189938817,0.6722809238547018,-0.38209989448913606,1.7266617421985397,0.0
4,Contextual bandit,22,18,119,0.693163641141583,0.8490765671626349,0.04648933298344418,0.4325030041609429,-1.0056569409925697,1.8706629493144553,0.0
4,Contextual bandit,22,23,119,0.8242481804559788,1.1129217616524305,0.4930222561620286,0.13442445344556841,-2.0400878678560264,2.308936774747163,0.0
4,Contextual bandit,22,28,119,5.5532685293262345,8.350878200975416,0.037796710510625525,-1.2120267638946582,-17.4749136146217,15.050860086832381,0.0
4,Contextual bandit,22,32,119,1.0886342476585684,2.415481258694871,0.10177800465624662,0.47926558672097364,-4.180571232413487,5.139102405855435,0.0
4,Contextual bandit,22,37,119,1.0840323935231355,1.2973834277686211,0.1990809126787514,0.6585767731300084,-1.541578192989347,2.858731739249364,0.0
4,Contextual bandit,22,42,119,0.6865218537429021,0.8528606361399321,0.26725135390832455,0.28182228170019974,-1.3025544159289653,1.8661989793293645,0.0
4,Contextual bandit,22,47,119,1.4640329105608425,3.03776603355642,0.1399492651824448,0.1870536044405098,-5.780797346559499,6.154904555440519,0.0
4,Monte-Carlo,33,3,119,0.6161103538775738,0.7315090176466482,0.5625728818554775,0.26430857056816304,-1.0782401947900406,1.606857335926367,0.0
4,Monte-Carlo,33,8,119,0.5466622053656088,0.7765790674101498,0.34884468525595996,-0.207209170753367,-1.6803240367461334,1.2659056952393994,0.0
4,Monte-Carlo,33,13,119,0.7707775866036438,0.8826935318954249,-0.02589221584554112,0.7147906573621711,-0.30458884922782226,1.7341701639521645,0.0
4,Monte-Carlo,33,18,119,0.6997104862667064,0.8491259532769129,0.010995483378047066,0.4097643164451249,-1.05407549243878,1.87360412532903,0.0
4,Monte-Carlo,33,23,119,0.8211814544448502,1.1666328409841535,0.46364262621139896,0.15557057141707156,-2.1201903582232227,2.4313315010573655,0.0
4,Monte-Carlo,33,28,119,5.781890760592899,8.52696289890622,0.018865687592513204,-1.2439374184243748,-17.84790032200142,15.36002548515267,0.0
4,Monte-Carlo,33,32,119,0.82819356624664,1.0015506013023245,0.2011923795076331,0.6491132941898659,-0.8521567247275761,2.150383313107308,0.0
4,Monte-Carlo,33,37,119,1.0183950320835915,1.2691334331057982,0.20942761268248392,0.644380354671559,-1.5077003254322656,2.7964610347753833,0.0
4,Monte-Carlo,33,42,119,0.6499975332319764,0.8136550105279602,0.2942119284645177,0.2810864599574317,-1.2218204867448204,1.7839934066596836,0.0
4,Monte-Carlo,33,47,119,1.4158247107186812,2.465015355611499,0.1500206456502187,0.22819392879441347,-4.60283076072154,5.059218618310366,0.0
4,SARSA,33,3,119,0.6660896386450017,0.7912699832642341,0.5007153079448601,0.2938937537690961,-1.1521408889757234,1.7399283965139158,0.0
4,SARSA,33,8,119,0.5084063596993708,0.71917793268352,0.44362252352569764,-0.18493976356141886,-1.5528843023842183,1.1830047752613804,0.0
4,SARSA,33,13,119,0.770599027496792,0.8763881006004721,0.00768270005716791,0.6927438933550037,-0.3638470994003794,1.749334886110387,0.0
4,SARSA,33,18,119,0.687781530141206,0.832612597145541,0.08321495587176561,0.3919052774431003,-1.0540213141898935,1.837831869076094,0.0
4,SARSA,33,23,119,0.8276595615967441,1.1496301485702112,0.4692356887534034,0.17880219899324631,-2.056464792957649,2.414069190944142,0.0
4,SARSA,33,28,119,5.677185229359999,8.567208457670384,0.03738232870811979,-1.0725620149349653,-17.802620918035654,15.657496888165722,0.0
4,SARSA,33,32,119,0.8454697744758309,1.00575659157235,0.21586415073983256,0.6601933005369462,-0.8332313532038571,2.15361795427775,0.0
4,SARSA,33,37,119,1.0110156251692537,1.2116494651599252,0.20933203398069175,0.6246246780707877,-1.4189265432107012,2.668175899352277,0.0
4,SARSA,33,42,119,0.6540929450834214,0.8364656205124412,0.25725480307469084,0.3006474210068865,-1.23573418483573,1.837029026849503,0.0
4,SARSA,33,47,119,1.455738849633245,3.0544839171674427,0.1443173530028902,0.16275124522332737,-5.8408110671657445,6.166313557612399,0.0
4,Q-learning,33,3,119,0.6282721664307586,0.7425937453477074,0.5373424533426441,0.2544045629979972,-1.11878291667323,1.6275920426692243,0.0
4,Q-learning,33,8,119,0.5113925064717499,0.7193472847707555,0.4367431938175956,-0.19065282891580027,-1.5559011457830267,1.1745954879514262,0.0
4,Q-learning,33,13,119,0.8037986391400124,0.8997978156202268,-0.006695525864085408,0.7202079131796436,-0.34145777291471624,1.7818735992740034,0.0
4,Q-learning,33,18,119,0.693163641141583,0.8490765671626349,0.04648933298344418,0.4325030041609429,-1.0056569409925697,1.8706629493144553,0.0
4,Q-learning,33,23,119,0.9026828559620022,1.2763122017209043,0.4236395941646739,0.15819145956624986,-2.3345872741211204,2.6509701932536203,0.0
4,Q-learning,33,28,119,5.614033740526816,8.445084890543265,0.025090045903611385,-1.0969718045851895,-17.578499341900198,15.384555732729817,0.0
4,Q-learning,33,32,119,0.8342801561831011,0.9855559149185183,0.19466408415844277,0.6594011110867782,-0.7823082436886754,2.1011104658622317,0.0
4,Q-learning,33,37,119,1.0234126933717176,1.3059513537870258,0.13999286705833694,0.6085236523136566,-1.6658561792580613,2.882903483885374,0.0
4,Q-learning,33,42,119,0.6704217713588596,0.8508905297764328,0.25225709050491396,0.2932128957878808,-1.2790052520632356,1.8654310436389971,0.0
4,Q-learning,33,47,119,1.5920032235004307,3.392542244681415,0.16180830541214775,0.04182844814636627,-6.635162693434235,6.718819589726967,0.0
4,Contextual bandit,33,3,119,0.6334754465440026,0.7549813551537828,0.5361972516732532,0.26775655714230845,-1.121669432290362,1.6571825465749788,0.0
4,Contextual bandit,33,8,119,0.505417224401087,0.711531671346825,0.4496656590782985,-0.2130657770253428,-1.549300084696625,1.1231685306459394,0.0
4,Contextual bandit,33,13,119,0.7676741048359169,0.8672175853619033,-0.13184185145153987,0.687115167005261,-0.35429141882283666,1.7285217528333585,0.0
4,Contextual bandit,33,18,119,0.7061356633714969,0.8549483151839428,0.06675576748428501,0.41924504085360703,-1.0473210132164208,1.8858110949236349,0.0
4,Contextual bandit,33,23,119,0.8165037661232304,1.1711998616497845,0.4691911646511725,0.18468760502826495,-2.0917283153604096,2.4611035254169398,0.0
4,Contextual bandit,33,28,119,5.568397742476677,8.420454222914648,0.05188463360000011,-1.093828017695412,-17.52727171405997,15.339615678669148,0.0
4,Contextual bandit,33,32,119,0.8706677783891744,1.0600201419954423,0.21087780437072573,0.6797815823141043,-0.9211268972839665,2.2806900619121753,0.0
4,Contextual bandit,33,37,119,0.9812240350541377,1.1856387854857162,0.2974355990698504,0.6343950015665779,-1.3371201820668017,2.6059101851999578,0.0
4,Contextual bandit,33,42,119,0.6547715133582129,0.8399035581095879,0.2995141259129863,0.3091268792744396,-1.2280018202688052,1.8462555788176842,0.0
4,Contextual bandit,33,47,119,1.403618490010561,2.3893684946605966,0.145853511116683,0.270998774077817,-4.401618674842873,4.943616222998506,0.0
4,Supervised action classifier,11,3,119,0.6408401437269313,0.761499700964018,0.5388832703361068,0.3000786998911273,-1.077489991361646,1.6776473911439007,0.0
4,Supervised action classifier,11,8,119,0.5001143011540985,0.7139320111614638,0.4543143298469152,-0.1905049035246889,-1.5447765734478647,1.163766766398487,0.0
4,Supervised action classifier,11,13,119,0.7913834978364694,0.8974396555237585,0.051871803784876575,0.7277180892286551,-0.30600644733813,1.76144262579544,0.0
4,Supervised action classifier,11,18,119,0.6785212876957118,0.8224020227554497,0.07466858699905203,0.3826450349976061,-1.0501924222260086,1.8154824922212207,0.0
4,Supervised action classifier,11,23,119,0.868926527316985,1.2040089506825762,0.45839007579914937,0.15785069416463582,-2.1915301172132633,2.507231505542535,0.0
4,Supervised action classifier,11,28,119,5.398609622312716,8.188022564178603,0.0686170609249883,-1.186834173476349,-17.133017411126104,14.759349064173408,0.0
4,Supervised action classifier,11,32,119,0.8373508177621353,1.0086984691000676,0.2535930175998557,0.6570799945835736,-0.8492947040679099,2.163454693235057,0.0
4,Supervised action classifier,11,37,119,1.0774078453287967,1.321507895224827,0.20126541956053276,0.6951477232902582,-1.5170120264167068,2.9073074729972235,0.0
4,Supervised action classifier,11,42,119,0.6773658985035308,0.8660189924800489,0.2122222608956988,0.28920627398794974,-1.3175104042005272,1.8959229521764267,0.0
4,Supervised action classifier,11,47,119,1.4623506563148763,3.099528630422587,0.1372139627416527,0.17287961423276232,-5.918386993376122,6.264146221841647,0.0
5,Fixed | Raw,0,2,119,1.7059384557613333,1.989607518115609,0.30433972734100356,0.5775271226037817,-3.169981007696001,4.3250352529035645,0.0
5,Fixed | Raw,0,7,119,0.48988787334057193,0.5875038025700524,0.4009167011049871,0.37704360137018467,-0.5097760888310396,1.263863291571409,0.0
5,Fixed | Raw,0,12,119,1.349886788756342,1.8906269432231415,0.7599898046825745,0.25129411984612826,-3.4369855650085572,3.9395738047008138,0.0
5,Fixed | Raw,0,17,119,3.9167635616740117,5.743919886495983,0.04239003635617443,-2.058198047375378,-12.613145650351074,8.496749555600319,0.0
5,Fixed | Raw,0,22,119,2.0135394877448642,2.558643994263398,0.44952322365874087,0.32151810276517695,-4.674709631884747,5.317745837415101,0.0
5,Fixed | Raw,0,31,119,0.9681175915854773,1.342076419093456,0.7106880116239224,0.3882791930418614,-2.140344825533344,2.916903211617067,0.0
5,Fixed | Raw,0,36,119,1.5066931447050496,1.8907909560333551,0.29674260504480066,0.11436722488237158,-3.6004388815759705,3.8291733313407135,0.0
5,Fixed | Raw,0,41,119,8.54265064055906,13.621139363604941,0.48645300107645817,-1.7568594452168838,-28.343236036945832,24.829517146512067,0.0
5,Fixed | Raw,0,46,119,1.6625314515402827,2.2137718223153176,-0.09625015728508274,0.03928699624209467,-4.317366339012366,4.395940331496556,0.0
5,Fixed | Raw,0,51,119,0.5527435494236945,0.66939716062392,0.9186106444510092,0.31252274682609754,-0.8526338194975229,1.4776793131497181,0.0
5,Fixed | Moving average (5),0,2,119,1.7647637947790404,2.1123590438167135,0.2576935563049906,0.7233956210690532,-3.182928546664067,4.6297197888021735,0.0
5,Fixed | Moving average (5),0,7,119,0.4969454569514371,0.5841888801307565,0.4635905394665193,0.4087649426997067,-0.4127160169825545,1.2302459023819678,0.0
5,Fixed | Moving average (5),0,12,119,1.3240774338814019,1.8552173521900492,0.7667617556314426,0.3350727656775252,-3.256476423972338,3.9266219553273882,0.0
5,Fixed | Moving average (5),0,17,119,3.496677157352814,5.158518713466541,0.07111849991499129,-1.2257533790254556,-11.088395148098101,8.63688839004719,0.0
5,Fixed | Moving average (5),0,22,119,2.0047748609750755,2.5375610672931366,0.4672045848560482,0.378316856186629,-4.5605133910987306,5.317147103471989,0.0
5,Fixed | Moving average (5),0,31,119,1.0241237609111709,1.4697665850533879,0.654558658797177,0.45796231673026333,-2.2909430002263402,3.2068676336868664,0.0
5,Fixed | Moving average (5),0,36,119,1.530341186393193,1.9050468795503113,0.28746059713617905,0.31151419644915745,-3.3876949589391616,4.010723351837476,0.0
5,Fixed | Moving average (5),0,41,119,8.421682391527899,13.198977861900033,0.5094023511802743,-1.0925829824033748,-26.982806353825936,24.797640389019186,0.0
5,Fixed | Moving average (5),0,46,119,1.6475060094782634,2.1819951844578918,-0.1072807953443552,0.037715774863626796,-4.256436582132254,4.331868131859508,0.0
5,Fixed | Moving average (5),0,51,119,0.5324525309126138,0.659316371246686,0.9218312439468556,0.30822090643076755,-0.8389681926510262,1.4554100055125612,0.0
5,Fixed | Moving average (11),0,2,119,1.7364256964262135,2.095648582877695,0.23647733581020336,0.620030126655698,-3.320138252878058,4.560198506189454,0.0
5,Fixed | Moving average (11),0,7,119,0.5318344807186468,0.6307583905284734,0.42970554056208243,0.4634434853334057,-0.3787358710456031,1.3056228417124145,0.0
5,Fixed | Moving average (11),0,12,119,1.518408476346946,3.122034243894068,0.5793941356972767,0.0985791056737465,-6.043417997347889,6.240576208695382,0.0
5,Fixed | Moving average (11),0,17,119,3.5300627020356314,5.1268202049516916,0.08209572889966167,-1.1995479987438342,-11.010502978874126,8.611406981386459,0.0
5,Fixed | Moving average (11),0,22,119,1.9267771562548015,2.4651967850074654,0.4584070203670268,0.24040049613387246,-4.588688965477407,5.069489957745152,0.0
5,Fixed | Moving average (11),0,31,119,1.0226861588763472,1.4242057996088435,0.6423305811057562,0.4327770520611797,-2.2379115246662424,3.1034656287886015,0.0
5,Fixed | Moving average (11),0,36,119,1.505825512566548,1.8946106167083399,0.2815906624454975,0.3368706059731961,-3.332847073961137,4.0065882859075295,0.0
5,Fixed | Moving average (11),0,41,119,8.36716129916188,13.22817744571958,0.5102890454562186,-1.3457462525170631,-27.247516582839545,24.556024077805418,0.0
5,Fixed | Moving average (11),0,46,119,1.5992981446999694,2.101614530485447,-0.07168128041066497,0.004231371141345511,-4.132341987930693,4.140804730213383,0.0
5,Fixed | Moving average (11),0,51,119,0.5646486917289852,0.6856878547612711,0.9217502151038303,0.35834413013306304,-0.7923170463639653,1.5090053066300912,0.0
5,"Fixed | Savitzky-Golay (21,3)",0,2,119,1.8342841670768528,2.1438237249126675,0.23289246364396415,0.6316825304327478,-3.4006452330817005,4.664010293947197,0.0
5,"Fixed | Savitzky-Golay (21,3)",0,7,119,0.4889433527117187,0.5779994994185168,0.4243184327955918,0.31858385908380565,-0.630669108335076,1.2678368265026871,0.0
5,"Fixed | Savitzky-Golay (21,3)",0,12,119,1.3633302894601391,1.8907323202936028,0.7585484238949249,0.16523722800824786,-3.5420288004236453,3.8725032564401407,0.0
5,"Fixed | Savitzky-Golay (21,3)",0,17,119,3.705662790792479,5.263869600872372,0.06938360108611671,-1.7886568626263408,-11.532978450245622,7.95566472499294,0.0
5,"Fixed | Savitzky-Golay (21,3)",0,22,119,1.9875219901488959,2.5453806962488565,0.4329033338432976,0.21339377978599733,-4.779009993818166,5.205797553390161,0.0
5,"Fixed | Savitzky-Golay (21,3)",0,31,119,1.037944391405449,1.6585637485079796,0.5315932440110158,0.29606420868249816,-2.9160337666395737,3.5081621840045702,0.0
5,"Fixed | Savitzky-Golay (21,3)",0,36,119,1.4576295696458692,1.819163217894234,0.321459694817714,0.1675259950306875,-3.397895235963585,3.73294722602496,0.0
5,"Fixed | Savitzky-Golay (21,3)",0,41,119,8.510196933574889,13.502216620879224,0.49224358797595164,-1.5992611933458725,-27.988427891601848,24.789905504910106,0.0
5,"Fixed | Savitzky-Golay (21,3)",0,46,119,1.5855901041791314,2.190771842858812,-0.12763242473307684,-0.0009263732146081099,-4.31299496023485,4.311142213805633,0.0
5,"Fixed | Savitzky-Golay (21,3)",0,51,119,0.5529961652329781,0.6643538455431379,0.922100832730815,0.32181877690403,-0.8221588733604133,1.4657964271684731,0.0
5,"Fixed | Butterworth (0.5-5 Hz, order 4)",0,2,119,1.7386594216214104,2.0820855987843103,0.19491958454246977,0.4601501731917235,-3.536657411912227,4.456957758295674,0.0
5,"Fixed | Butterworth (0.5-5 Hz, order 4)",0,7,119,0.4375027319959585,0.5078811513200578,0.6961549472802953,0.39079269815196055,-0.2476863272771183,1.0292717235810394,0.0
5,"Fixed | Butterworth (0.5-5 Hz, order 4)",0,12,119,1.2398075604233623,1.7672889268220742,0.7841796402503407,0.1857022566711187,-3.273573536112185,3.6449780494544224,0.0
5,"Fixed | Butterworth (0.5-5 Hz, order 4)",0,17,119,3.783971292148758,5.3440479205124785,0.054127991834186484,-1.855814729449036,-11.719822580705667,8.008193121807594,0.0
5,"Fixed | Butterworth (0.5-5 Hz, order 4)",0,22,119,1.8760399361542728,2.4643450717738036,0.47631888423140795,0.16731380577802965,-4.672033584125086,5.006661195681144,0.0
5,"Fixed | Butterworth (0.5-5 Hz, order 4)",0,31,119,1.005319483417881,1.652609576774624,0.5315291786186214,0.2075785446005712,-3.01947052071474,3.434627609915882,0.0
5,"Fixed | Butterworth (0.5-5 Hz, order 4)",0,36,119,1.4457955489321983,1.798615568908583,0.3216722822907085,0.13088883419778657,-3.3999173679993815,3.6616950363949545,0.0
5,"Fixed | Butterworth (0.5-5 Hz, order 4)",0,41,119,8.558290671140556,13.518705862001866,0.4925370938875799,-1.6010634261112975,-28.022492637579017,24.82036578535642,0.0
5,"Fixed | Butterworth (0.5-5 Hz, order 4)",0,46,119,1.6335320217775473,2.14778430725549,-0.07326795474632677,-0.07040894274169938,-4.295593916490511,4.1547760310071125,0.0
5,"Fixed | Butterworth (0.5-5 Hz, order 4)",0,51,119,0.5408220971096319,0.6502152203135194,0.9257851624646657,0.31293739909025264,-0.8089002096355549,1.4347750078160602,0.0
5,"Fixed | Butterworth (0.7-4 Hz, order 3)",0,2,119,1.7614213011039104,2.0946855848571424,0.17072208022583685,0.42718016857235497,-3.6091172209593116,4.463477558104022,0.0
5,"Fixed | Butterworth (0.7-4 Hz, order 3)",0,7,119,0.42351453242720727,0.48393864447622137,0.6597549142212382,0.34071820777946205,-0.3357193006340363,1.0171557161929603,0.0
5,"Fixed | Butterworth (0.7-4 Hz, order 3)",0,12,119,1.2850736318767342,1.8111208727965087,0.7703543995914359,0.1885533101194072,-3.3568819783210184,3.733988598559833,0.0
5,"Fixed | Butterworth (0.7-4 Hz, order 3)",0,17,119,3.5192236294296935,4.922571995065914,0.05421349064593289,-1.473935127859334,-10.718441489493376,7.7705712337747075,0.0
5,"Fixed | Butterworth (0.7-4 Hz, order 3)",0,22,119,1.9018489541459065,2.4568255573771762,0.47166225128911626,0.11399121490258467,-4.716540095723362,4.944522525528532,0.0
5,"Fixed | Butterworth (0.7-4 Hz, order 3)",0,31,119,0.8793421032777732,1.2428596506887657,0.6935886140548664,0.2521480407969146,-2.143284186544195,2.6475802681380247,0.0
5,"Fixed | Butterworth (0.7-4 Hz, order 3)",0,36,119,1.4361854010134922,1.8053212853762268,0.3235965594896034,0.11368622386594901,-3.432652582797786,3.6600250305296838,0.0
5,"Fixed | Butterworth (0.7-4 Hz, order 3)",0,41,119,8.670288292672872,13.665680486577232,0.4824823099657035,-1.7326336716023243,-28.413554157446658,24.948286814242007,0.0
5,"Fixed | Butterworth (0.7-4 Hz, order 3)",0,46,119,1.6285071280149097,2.117387027494737,-0.0898355469739526,-0.07213052232353238,-4.237338149825853,4.093077105178788,0.0
5,"Fixed | Butterworth (0.7-4 Hz, order 3)",0,51,119,0.5283401826216192,0.6376368487988868,0.9267306183311395,0.2774032014880373,-0.8526548074640371,1.4074612104401116,0.0
5,Monte-Carlo,11,2,119,1.816360006578463,2.1675077999571717,0.23071383083296204,0.6513458824325137,-3.4177470364107716,4.720438801275799,0.0
5,Monte-Carlo,11,7,119,0.4897588814303278,0.5767071185247208,0.43659585576614246,0.39495775486181417,-0.43219029340093595,1.2221058031245642,0.0
5,Monte-Carlo,11,12,119,1.2974038600116344,1.8622949453891482,0.7683566124435899,0.20471618113384393,-3.4386015106196854,3.848033872887373,0.0
5,Monte-Carlo,11,17,119,3.608497744741482,5.063452094230635,0.05442137208567719,-1.5454573438458157,-11.036218460797524,7.945303773105894,0.0
5,Monte-Carlo,11,22,119,1.9285962905405885,2.477277883318471,0.4738639551972878,0.29673439848476607,-4.54415448554624,5.137623282515772,0.0
5,Monte-Carlo,11,31,119,1.0009009285410841,1.4341553471686765,0.6537019050630484,0.3710332703698001,-2.35569216934107,3.09775871008067,0.0
5,Monte-Carlo,11,36,119,1.4694962009288293,1.8468803898156108,0.2898764652952307,0.21664995230125436,-3.393443768627617,3.8267436732301254,0.0
5,Monte-Carlo,11,41,119,8.485362441316289,13.507283923393802,0.4925555968147792,-1.51601502486384,-27.93424850232273,24.90221845259505,0.0
5,Monte-Carlo,11,46,119,1.6814602852899903,2.243344553929492,-0.10952606536007765,0.03353510458201852,-4.381518696066413,4.44858890523045,0.0
5,Monte-Carlo,11,51,119,0.5461164109476231,0.664492916351271,0.9210884086343354,0.3214254056786285,-0.8232933874004391,1.4661441987576962,0.0
5,SARSA,11,2,119,1.6859268359721917,2.058009036980403,0.250057273080161,0.5728492602484992,-3.317815990132949,4.463514510629947,0.0
5,SARSA,11,7,119,0.4813762513914533,0.5701287108380637,0.4389309465757547,0.32302155968430873,-0.6016627157606718,1.2477058351292893,0.0
5,SARSA,11,12,119,1.4618351171173014,3.046478029744558,0.5836945846830268,0.019968854020110678,-5.97624714758582,6.016184855626042,0.0
5,SARSA,11,17,119,3.886930353771145,5.7133027512491,0.04074771124512916,-1.9843831521626951,-12.529712577386157,8.560946273060765,0.0
5,SARSA,11,22,119,2.007665423789011,2.5442853499373257,0.45524098199483887,0.2697761921709945,-4.709878047928947,5.249430432270937,0.0
5,SARSA,11,31,119,1.0644129915410605,1.7235260155461452,0.5414261229347674,0.3486380005886683,-2.9736270333523214,3.6709030345296583,0.0
5,SARSA,11,36,119,1.4631920272029846,1.8385196582064895,0.3154642315551347,0.16245980553031766,-3.4421198385746905,3.767039449635326,0.0
5,SARSA,11,41,119,8.627002067945122,13.599299772353723,0.4873589816926814,-1.6420038132518164,-28.21350521856301,24.92949759205938,0.0
5,SARSA,11,46,119,1.6308539145560192,2.153471882322832,-0.10916732461447234,-0.020630780949865667,-4.259088186658206,4.217826624758476,0.0
5,SARSA,11,51,119,0.5614301365185359,0.6832004208800853,0.9163562199758579,0.3261460372451269,-0.8554686071336487,1.5077606816239024,0.0
5,Q-learning,11,2,119,1.7292085237447654,2.0903927515774363,0.23878675587147546,0.6014446270911169,-3.339068164353436,4.541957418535669,0.0
5,Q-learning,11,7,119,0.509752025483557,0.6085518735024688,0.4083298949038439,0.40898444047538013,-0.47798435806676937,1.2959532390175297,0.0
5,Q-learning,11,12,119,1.3152984091818885,1.834051013615867,0.7678138791442777,0.19080991420815616,-3.3995401321698377,3.78115996058615,0.0
5,Q-learning,11,17,119,3.5773249033032064,5.023845842239128,0.08525247330343864,-1.638827632184305,-10.98628123114251,7.7086259667739006,0.0
5,Q-learning,11,22,119,1.976087900310845,2.519019386689551,0.46200786400864347,0.22475911632982234,-4.713619861784092,5.1631380944437355,0.0
5,Q-learning,11,31,119,1.0639610204361314,1.701259610192573,0.5489396368823445,0.3287550057881206,-2.956696307718447,3.6142063192946887,0.0
5,Q-learning,11,36,119,1.491097801127156,1.8571611476358827,0.31299781948573935,0.22227258321807955,-3.406879504539995,3.851424670976154,0.0
5,Q-learning,11,41,119,8.427963123696063,13.452963449706559,0.4938163126117406,-1.6553375794557081,-27.933420148809113,24.622744989897697,0.0
5,Q-learning,11,46,119,1.6002887958503325,2.1307880021652927,-0.08275089532646394,-0.02057328563245475,-4.21438131547904,4.173234744214131,0.0
5,Q-learning,11,51,119,0.5510553148838919,0.6630519785813835,0.9209377089821982,0.3212025943530974,-0.820517566395059,1.4629227551012538,0.0
5,Contextual bandit,11,2,119,1.8362966212282226,2.16549068079967,0.18937514281455997,0.5564037449708998,-3.5628063287334104,4.67561381867521,0.0
5,Contextual bandit,11,7,119,0.4536912433286356,0.5232783627280266,0.6314753610594623,0.38169880736716383,-0.3228443999604809,1.0862420146948086,0.0
5,Contextual bandit,11,12,119,1.3067661864241342,1.8657249282134138,0.7658116141791647,0.24165018888872417,-3.399700259475747,3.883000637253195,0.0
5,Contextual bandit,11,17,119,3.6666621082587527,5.1476772749149315,0.10357753971509667,-1.762331712531316,-11.282165320933025,7.757501895870393,0.0
5,Contextual bandit,11,22,119,1.952991549714793,2.5221161256147093,0.45306364229690227,0.20454810801449505,-4.743348586961762,5.152444802990752,0.0
5,Contextual bandit,11,31,119,1.0108238170339032,1.6338807110930245,0.5366888030034065,0.22941285797108435,-2.954675365295958,3.4135010812381266,0.0
5,Contextual bandit,11,36,119,1.4753819320361696,1.817665702157098,0.32511274938313156,0.1059583371001442,-3.465646528583485,3.677563202783773,0.0
5,Contextual bandit,11,41,119,8.57741794369758,13.604497301379025,0.48827407640999265,-1.4807278753945385,-28.099209646011747,25.13775389522267,0.0
5,Contextual bandit,11,46,119,1.625622171610548,2.1480796779347218,-0.1341782226584246,-0.05353210258821388,-4.280257498450169,4.173193293273741,0.0
5,Contextual bandit,11,51,119,0.5609172425214853,0.6789004962471893,0.9205400564116751,0.33575028120615896,-0.8256688680729694,1.4971694304852874,0.0
5,Monte-Carlo,22,2,119,1.758525483985902,2.0762620320816607,0.2773801737192789,0.6128563255148188,-3.2917376445600546,4.5174502955896925,0.0
5,Monte-Carlo,22,7,119,0.49352568947994147,0.5864302938920735,0.4193160043739875,0.3591806016143338,-0.5532428392280151,1.2716040424566828,0.0
5,Monte-Carlo,22,12,119,1.2876041630340656,1.8466875575263708,0.7676805896628675,0.29180776618338283,-3.2973381131354462,3.880953645502212,0.0
5,Monte-Carlo,22,17,119,3.5385322230721155,5.068334759807583,0.09594797342217531,-1.3890445589209024,-10.983022586880638,8.204933469038833,0.0
5,Monte-Carlo,22,22,119,1.9946719937855042,2.532226269264364,0.4489360165131722,0.2745750318983203,-4.680187096398898,5.229337160195538,0.0
5,Monte-Carlo,22,31,119,0.9909986052795279,1.417844685621978,0.6454427378294927,0.37191461223017275,-2.321090558031879,3.064919782492224,0.0
5,Monte-Carlo,22,36,119,1.5124283245360008,1.8859878398216607,0.2931526194814287,0.19328133350926502,-3.4993396869013265,3.8859023539198563,0.0
5,Monte-Carlo,22,41,119,8.682412449761834,13.598108927388,0.48235853079713364,-1.6229050082196301,-28.196591005493016,24.950780989053758,0.0
5,Monte-Carlo,22,46,119,1.640436466277407,2.195188610948674,-0.08047905012984943,-0.011771687176099667,-4.332472004283353,4.308928629931154,0.0
5,Monte-Carlo,22,51,119,0.5344509535286522,0.660345501636143,0.9247266421988529,0.32225674223027734,-0.8122126679924786,1.4567261524530333,0.0
5,SARSA,22,2,119,1.7427929621177485,2.0730727081707716,0.231931447073465,0.5449423153219544,-3.3919616623291704,4.481846292973079,0.0
5,SARSA,22,7,119,0.4373039655259483,0.5012631443066817,0.6503459769851705,0.34559389573942917,-0.36905876343757754,1.060246554916436,0.0
5,SARSA,22,12,119,1.3437487755979205,1.86371931596199,0.759789185556631,0.19528826421328044,-3.452853053087651,3.8434295815142114,0.0
5,SARSA,22,17,119,3.881429685563194,5.67198740605227,0.033314278801376856,-1.98134303419339,-12.442142585052316,8.479456516665536,0.0
5,SARSA,22,22,119,1.9368443998605078,2.4586697561307234,0.46945439183016313,0.24988031942520708,-4.564430674794765,5.064191313645179,0.0
5,SARSA,22,31,119,0.9417176799214197,1.232186957338671,0.7272609193014568,0.3838635754520331,-1.920742675226824,2.68846982613089,0.0
5,SARSA,22,36,119,1.5053753657701021,1.8522251792775402,0.3102395277346532,0.19818823974091287,-3.426593558062512,3.822970037544338,0.0
5,SARSA,22,41,119,8.717788746909775,13.75721731511987,0.4743478826776354,-1.5485227525647112,-28.454596580579917,25.357551075450495,0.0
5,SARSA,22,46,119,1.6130275945161066,2.1086599424294437,-0.09047885642328715,-0.05977500767978771,-4.208556214947789,4.089006199588214,0.0
5,SARSA,22,51,119,0.544121769658437,0.659304339238552,0.9219554134263176,0.3211445265913552,-0.8122001778952813,1.4544892310779916,0.0
5,Q-learning,22,2,119,1.6951196424931863,1.9989456594599133,0.292092514289412,0.6182818773358062,-3.1232827848513387,4.359846539522951,0.0
5,Q-learning,22,7,119,0.4586969073861613,0.5487286268053585,0.6042477230922199,0.3866325863832476,-0.37978317956602337,1.1530483523325186,0.0
5,Q-learning,22,12,119,1.2965192106829515,1.8386768473157113,0.7697147485334743,0.22568327696621257,-3.3659963999918716,3.817362953924297,0.0
5,Q-learning,22,17,119,3.712239185596646,5.260419642519655,0.052619984019934035,-1.721581155994213,-11.505410444127156,8.062248132138729,0.0
5,Q-learning,22,22,119,1.9048542797875272,2.4627654266840384,0.46855530772575177,0.23149918998807728,-4.594468045952665,5.057466425928819,0.0
5,Q-learning,22,31,119,0.9129813632463402,1.2301542031569925,0.7287929270835615,0.4100109984480379,-1.872838026505181,2.6928600234012565,0.0
5,Q-learning,22,36,119,1.449253993554285,1.8059047927546998,0.3103502232361713,0.15385949179088015,-3.387756285888415,3.6954752694701756,0.0
5,Q-learning,22,41,119,8.444713840224477,13.420125034977996,0.496402895899047,-1.5597227535990654,-27.79538060553315,24.67593509833502,0.0
5,Q-learning,22,46,119,1.6533259419318331,2.170563470067418,-0.11484259336031737,0.005218627521452342,-4.26706210808918,4.277499363132086,0.0
5,Q-learning,22,51,119,0.5359146455078397,0.6460936176954059,0.9276192103090573,0.3217485116111416,-0.7810457165772196,1.4245427397995027,0.0
5,Contextual bandit,22,2,119,1.7439091940091302,2.0546370646895062,0.24984581048612425,0.5772733553816258,-3.3039426481377983,4.4584893589010495,0.0
5,Contextual bandit,22,7,119,0.47558892253243074,0.5669270872743213,0.4497337177287787,0.38137006479959507,-0.4442865584272054,1.2070266880263956,0.0
5,Contextual bandit,22,12,119,1.3517515402496512,1.8911089812302346,0.7526507552268012,0.16193570327053144,-3.546638790649364,3.8705101971904265,0.0
5,Contextual bandit,22,17,119,3.7408673010457196,5.367431941238811,0.04118432595451931,-1.530109573806639,-11.656387724697826,8.596168577084548,0.0
5,Contextual bandit,22,22,119,1.936591514777375,2.478609614285507,0.4741908209761326,0.24926732712974523,-4.60461577420111,5.103150428460601,0.0
5,Contextual bandit,22,31,119,0.92257109052326,1.2868266948846503,0.6916749999052887,0.3026057585494905,-2.1592119201814413,2.7644234372804224,0.0
5,Contextual bandit,22,36,119,1.4653583728083033,1.8362090857074236,0.29659721796016664,0.17238752502629304,-3.4258372133485806,3.770612263401167,0.0
5,Contextual bandit,22,41,119,8.631192478470886,13.697826693983119,0.4799321710792935,-1.7695120059860736,-28.50486300925088,24.965838997278734,0.0
5,Contextual bandit,22,46,119,1.627280836377935,2.167568278700083,-0.10764856075011808,-0.05186280668719845,-4.317039086682019,4.213313473307622,0.0
5,Contextual bandit,22,51,119,0.5510553148838919,0.6630519785813835,0.9209377089821982,0.3212025943530974,-0.820517566395059,1.4629227551012538,0.0
5,Monte-Carlo,33,2,119,1.7971599804748764,2.1176619812666044,0.20197182824964438,0.5407376529379833,-3.4892536542177033,4.570728960093669,0.0
5,Monte-Carlo,33,7,119,0.4664409014453436,0.5377803472709742,0.5095481685766466,0.3452651531718604,-0.46627982581760824,1.156810132161329,0.0
5,Monte-Carlo,33,12,119,1.3184775656466363,1.8773785300879762,0.759962713397808,0.25910390032154335,-3.400754846830937,3.9189626474740233,0.0
5,Monte-Carlo,33,17,119,3.520698309448767,5.040196580316899,0.058395376944368284,-1.4291162358539915,-10.942525925491259,8.084293453783276,0.0
5,Monte-Carlo,33,22,119,1.9810387425883191,2.5099823060779975,0.46743140568942343,0.23255004936883664,-4.686567062396805,5.151667161134479,0.0
5,Monte-Carlo,33,31,119,0.9801130488925618,1.3635958320509611,0.6479200178492243,0.27207160540972575,-2.3579101883806355,2.902053399200087,0.0
5,Monte-Carlo,33,36,119,1.4819767298058726,1.8429148097376356,0.3131804786275515,0.23307130117821181,-3.3651891920538355,3.8313317944102594,0.0
5,Monte-Carlo,33,41,119,8.495091982145969,13.453072685357986,0.4969413706276683,-1.5090307075719471,-27.821435072608192,24.803373657464295,0.0
5,Monte-Carlo,33,46,119,1.6471602013376778,2.1721455853987517,-0.10591376542996854,-0.0007872837670295173,-4.276194144561389,4.27461957702733,0.0
5,Monte-Carlo,33,51,119,0.5543161151271991,0.6696031886323345,0.919678343910669,0.33430755287289,-0.8076502313506957,1.4762653370964758,0.0
5,SARSA,33,2,119,1.8508671499930356,2.1749118705570405,0.18968409516419896,0.5753607950743486,-3.5529794254381475,4.703701015586844,0.0
5,SARSA,33,7,119,0.4314280129517144,0.49718815118632054,0.7081339186701479,0.38169880736716383,-0.24538561927406882,1.0087832340083964,0.0
5,SARSA,33,12,119,1.3162606944376947,1.8389004469125567,0.7721917652047688,0.30753972646272515,-3.2609684325410457,3.8760478854664964,0.0
5,SARSA,33,17,119,3.6864191178278394,5.277325133724404,0.06456160465588548,-1.8616649413776376,-11.581172607362069,7.857842724606793,0.0
5,SARSA,33,22,119,1.939514859767712,2.4934530575717466,0.47043444814912005,0.26809588208100604,-4.611285711715555,5.147477475877567,0.0
5,SARSA,33,31,119,1.0253203510452813,1.6118698112251004,0.55759574310676,0.30735872574378387,-2.8070512490282193,3.4217687005157873,0.0
5,SARSA,33,36,119,1.4752095065741841,1.8450710019472587,0.3054389148547425,0.2121019883508796,-3.3954527305306557,3.8196567072324146,0.0
5,SARSA,33,41,119,8.557849596597354,13.695575119163564,0.48200875432551255,-1.6848457258483165,-28.436913068446827,25.067221616750196,0.0
5,SARSA,33,46,119,1.6355058234654345,2.2043480122015584,-0.11937609392297217,0.012584666050841879,-4.326135404279225,4.351304736380908,0.0
5,SARSA,33,51,119,0.5686684116122396,0.684490303346801,0.9210536423058128,0.34512029048580223,-0.8183673710440731,1.5086079520156774,0.0
5,Q-learning,33,2,119,1.7594882235735487,2.0722201657934596,0.24573862810724145,0.5596778362648037,-3.3674663277887706,4.486822000318378,0.0
5,Q-learning,33,7,119,0.4762660126788701,0.5592652905017942,0.5935272278498582,0.40914781556956586,-0.3413242008672542,1.159619832006386,0.0
5,Q-learning,33,12,119,1.3406508826085075,1.9379468677825977,0.7539671611223788,0.2973888551650337,-3.4718679176768017,4.066645628006869,0.0
5,Q-learning,33,17,119,3.489558474873732,4.881767238676927,0.13100353604547407,-1.445879745934652,-10.623479987387253,7.731720495517948,0.0
5,Q-learning,33,22,119,1.9195893881187753,2.4616064024450597,0.47203775132409187,0.27974724960681574,-4.534012788505326,5.093507287718957,0.0
5,Q-learning,33,31,119,1.0484836418358818,1.6840915263036476,0.5265240719938413,0.22477480194595584,-3.0603440528828876,3.5098936567747994,0.0
5,Q-learning,33,36,119,1.481723429500754,1.8743600340731288,0.2862572957378579,0.17118792108323067,-3.5026724788262324,3.845048320992694,0.0
5,Q-learning,33,41,119,8.44603246641238,13.49282114544632,0.4898834888043536,-1.5162214781445802,-27.905760889879573,24.873317933590414,0.0
5,Q-learning,33,46,119,1.6293151140216249,2.212927924034612,-0.1203897599071458,0.025613319633483338,-4.32977342398728,4.3810000632542465,0.0
5,Q-learning,33,51,119,0.5505253445423121,0.6677215732591045,0.9228603242222133,0.33529354464221206,-0.8012631513333575,1.4718502406177816,0.0
5,Contextual bandit,33,2,119,1.7621941525246505,2.0497650639060567,0.21042948196506583,0.45485352339949225,-3.4790857199521343,4.388792766751119,0.0
5,Contextual bandit,33,7,119,0.4750095200342851,0.5589074795294211,0.5357416731246938,0.3952323671270925,-0.38259978127406075,1.1730645155282458,0.0
5,Contextual bandit,33,12,119,1.3128931165782445,1.8243050171163697,0.7710522288049362,0.2478947363570052,-3.309556752161658,3.8053462248756684,0.0
5,Contextual bandit,33,17,119,3.7784022953442156,5.346848018753164,0.05676002100130298,-1.8811584764970453,-11.732438030537569,7.970121077543478,0.0
5,Contextual bandit,33,22,119,1.9646309701136904,2.4929903446344706,0.45864315116073373,0.28006667977035893,-4.595792622802223,5.15592598234294,0.0
5,Contextual bandit,33,31,119,0.9011834357709599,1.2569064965612926,0.6958669978335621,0.29251453790704796,-2.1135100565120255,2.6985391323261214,0.0
5,Contextual bandit,33,36,119,1.4707480239612611,1.8295510818222562,0.314749588693129,0.1059874452452506,-3.4890475311779707,3.701022421668472,0.0
5,Contextual bandit,33,41,119,8.65704263501644,13.689100290500605,0.4844765423143762,-1.7802145997062486,-28.495489762308388,24.93506056289589,0.0
5,Contextual bandit,33,46,119,1.5887427950782558,2.123136910747277,-0.08511393894116687,-0.0018552708910372056,-4.180797652198848,4.177087110416773,0.0
5,Contextual bandit,33,51,119,0.540046737160994,0.6514262394705396,0.9294328301869381,0.3401775143981945,-0.7533039358092397,1.4336589646056286,0.0
5,Supervised action classifier,11,2,119,1.7059384557613333,1.989607518115609,0.30433972734100356,0.5775271226037817,-3.169981007696001,4.3250352529035645,0.0
5,Supervised action classifier,11,7,119,0.48988787334057193,0.5875038025700524,0.4009167011049871,0.37704360137018467,-0.5097760888310396,1.263863291571409,0.0
5,Supervised action classifier,11,12,119,1.323727125806494,1.8525500900613912,0.7675158774426971,0.29707902419688453,-3.302082062014364,3.896240110408133,0.0
5,Supervised action classifier,11,17,119,3.9258153548373875,5.74515053509146,0.04133196103367654,-2.0450718971964688,-12.61249155366962,8.522347759276684,0.0
5,Supervised action classifier,11,22,119,2.0135394877448642,2.558643994263398,0.44952322365874087,0.32151810276517695,-4.674709631884747,5.317745837415101,0.0
5,Supervised action classifier,11,31,119,1.013646639117803,1.6121366637257228,0.6156045351198295,0.3427501455095358,-2.7578538135571673,3.4433541045762386,0.0
5,Supervised action classifier,11,36,119,1.490294820808804,1.870518777603825,0.2936895270277549,0.1303071270709834,-3.542467124758162,3.8030813789001283,0.0
5,Supervised action classifier,11,41,119,8.557040898129605,13.644494192108226,0.48543558870527137,-1.7408027413941751,-28.37761932540994,24.896013842621585,0.0
5,Supervised action classifier,11,46,119,1.6557661863960116,2.1972334162857106,-0.09073214492599853,0.03252173109782313,-4.291791721430629,4.356835183626275,0.0
5,Supervised action classifier,11,51,119,0.5527435494236945,0.66939716062392,0.918610644451009,0.31252274682609754,-0.8526338194975229,1.4776793131497181,0.0
